Portfolio,Instrument,ProductTaxonomy,Start Date,End Date,DeltaMv,PreviousMv,DeltaMvPrice,DeltaMvTrading,DeltaMvCurrency,DeltaMvGlobalOther,DeltaMvRolldown,DeltaMvIncome,DeltaMvYieldCurves,DeltaMvCredit
EUR EQ LARGE CP,AIR.FR,Equities,2019-09-30,2019-10-31,760140.0,9775220.0,0.0,0.0,0.0,0.0,,0.0,,
EUR EQ LARGE CP,AMS.ES,Equities,2019-09-30,2019-10-31,28880.0,2501160.0,0.0,0.0,0.0,0.0,,0.0,,
EUR EQ LARGE CP,MUV2.DE,Equities,2019-09-30,2019-10-31,85050.0,1662850.0,0.0,0.0,0.0,0.0,,0.0,,
EUR EQ LARGE CP,SIE.DE,Equities,2019-09-30,2019-10-31,267650.0,5213080.0,0.0,0.0,0.0,0.0,,0.0,,
EUR EQ LARGE CP,ADS.DE,Equities,2019-09-30,2019-10-31,-588600.0,2.05848E+7,0.0,0.0,0.0,0.0,,0.0,,
EUR EQ LARGE CP,NOKIA.FI,Equities,2019-09-30,2019-10-31,-923328.0,3195924.0,0.0,0.0,0.0,0.0,,0.0,,
EUR EQ LARGE CP,ALV.DE,Equities,2019-09-30,2019-10-31,230400.0,7682400.0,0.0,0.0,0.0,0.0,,0.0,,
EUR EQ LARGE CP,DB1.DE,Equities,2019-09-30,2019-10-31,-7900.0,286850.0,0.0,0.0,0.0,0.0,,0.0,,
EUR EQ LARGE CP,BAS.DE,Equities,2019-09-30,2019-10-31,195270.0,2950900.0,0.0,0.0,0.0,0.0,,0.0,,
EUR EQ LARGE CP,BAYN.DE,Equities,2019-09-30,2019-10-31,201400.0,2589000.0,0.0,0.0,0.0,0.0,,0.0,,
EUR EQ LARGE CP,ENI.IT,Equities,2019-09-30,2019-10-31,-125218.0,3857098.0,0.0,0.0,0.0,0.0,,0.0,,
EUR EQ LARGE CP,EUR,Cash,2019-09-30,2019-10-31,0.0,1.0E+7,,,,,,,,
EUR EQ LARGE CP,KER.FR,Equities,2019-09-30,2019-10-31,127575.0,1402725.0,0.0,0.0,0.0,0.0,,0.0,,
EUR EQ LARGE CP,IBE.ES,Equities,2019-09-30,2019-10-31,-183352.0,5330624.0,0.0,0.0,0.0,0.0,,0.0,,
EUR EQ LARGE CP,EL.FR,Equities,2019-09-30,2019-10-31,72800.0,2116400.0,0.0,0.0,0.0,0.0,,0.0,,
EUR EQ LARGE CP,AI.FR,Equities,2019-09-30,2019-10-31,-376200.0,4307325.0,0.0,0.0,0.0,0.0,,0.0,,
EUR EQ LARGE CP,BMW.DE,Equities,2019-09-30,2019-10-31,12420.0,193785.0,0.0,0.0,0.0,0.0,,0.0,,
EUR EQ LARGE CP,ENGI.FR,Equities,2019-09-30,2019-10-31,1620.0,1212772.5,0.0,0.0,0.0,0.0,,0.0,,
EUR EQ LARGE CP,ITX.ES,Equities,2019-09-30,2019-10-31,-40950.0,2584400.0,0.0,0.0,0.0,0.0,,0.0,,
EUR EQ LARGE CP,OR.FR,Equities,2019-09-30,2019-10-31,126250.0,6421250.0,0.0,0.0,0.0,0.0,,0.0,,
EUR EQ LARGE CP,DG.FR,Equities,2019-09-30,2019-10-31,111300.0,5926200.0,0.0,0.0,0.0,0.0,,0.0,,
EUR EQ LARGE CP,ASML.NL,Equities,2019-09-30,2019-10-31,472600.0,1.55074E+7,0.0,0.0,0.0,0.0,,0.0,,
EUR EQ LARGE CP,SAP.DE,Equities,2019-09-30,2019-10-31,1377090.0,1.259154E+7,0.0,0.0,0.0,0.0,,0.0,,
EUR EQ LARGE CP,FRE.DE,Equities,2019-09-30,2019-10-31,16960.0,171610.0,0.0,0.0,0.0,0.0,,0.0,,
EUR EQ LARGE CP,CS.FR,Equities,2019-09-30,2019-10-31,28340.0,2553325.0,0.0,0.0,0.0,0.0,,0.0,,
EUR EQ LARGE CP,DPW.DE,Equities,2019-09-30,2019-10-31,91575.0,2262920.0,0.0,0.0,0.0,0.0,,0.0,,
EUR EQ LARGE CP,ISP.IT,Equities,2019-09-30,2019-10-31,81820.25,2430592.0,0.0,0.0,0.0,0.0,,0.0,,
EUR EQ LARGE CP,SU.FR,Equities,2019-09-30,2019-10-31,122120.0,3460640.0,0.0,0.0,0.0,0.0,,0.0,,
EUR EQ LARGE CP,DTE.DE,Equities,2019-09-30,2019-10-31,69056.0,2558060.0,0.0,0.0,0.0,0.0,,0.0,,
EUR EQ LARGE CP,CRH.IE,Equities,2019-09-30,2019-10-31,0.0,24794.5,0.0,0.0,0.0,0.0,,0.0,,
EUR EQ LARGE CP,ORA.FR,Equities,2019-09-30,2019-10-31,4300.0,1237755.0,0.0,0.0,0.0,0.0,,0.0,,
EUR EQ LARGE CP,ENEL.IT,Equities,2019-09-30,2019-10-31,126868.0,8850492.0,0.0,0.0,0.0,0.0,,0.0,,
EUR EQ LARGE CP,UNA.NL,Equities,2019-09-30,2019-10-31,-330035.0,8218840.0,0.0,0.0,0.0,0.0,,0.0,,
EUR EQ LARGE CP,MC.FR,Equities,2019-09-30,2019-10-31,872400.0,1.74972E+7,0.0,0.0,0.0,0.0,,0.0,,
EUR EQ LARGE CP,DAI.DE,Equities,2019-09-30,2019-10-31,165480.0,1094640.0,0.0,0.0,0.0,0.0,,0.0,,
EUR EQ LARGE CP,TEF.ES,Equities,2019-09-30,2019-10-31,-27064.0,1903592.0,0.0,0.0,0.0,0.0,,0.0,,
EUR EQ LARGE CP,AD.NL,Equities,2019-09-30,2019-10-31,-30870.0,1124795.0,0.0,0.0,0.0,0.0,,0.0,,
EUR EQ LARGE CP,ABI.BE,Equities,2019-09-30,2019-10-31,-776730.0,4469895.0,0.0,0.0,0.0,0.0,,0.0,,
EUR EQ LARGE CP,PHIA.NL,Equities,2019-09-30,2019-10-31,-335265.0,4381877.5,0.0,0.0,0.0,0.0,,0.0,,
EUR EQ LARGE CP,INGA.NL,Equities,2019-09-30,2019-10-31,80533.5,1531567.5,0.0,0.0,0.0,0.0,,0.0,,
EUR EQ LARGE CP,VIV.FR,Equities,2019-09-30,2019-10-31,-12100.0,1385450.0,0.0,0.0,0.0,0.0,,0.0,,
EUR EQ LARGE CP,BBVA.ES,Equities,2019-09-30,2019-10-31,-17293.5,1752408.0,0.0,0.0,0.0,0.0,,0.0,,
EUR EQ LARGE CP,SAN.FR,Equities,2019-09-30,2019-10-31,-127995.0,4507650.0,0.0,0.0,0.0,0.0,,0.0,,
EUR EQ LARGE CP,BN.FR,Equities,2019-09-30,2019-10-31,-342360.0,4360500.0,0.0,0.0,0.0,0.0,,0.0,,
EUR EQ LARGE CP,BNP.FR,Equities,2019-09-30,2019-10-31,117837.5,2456987.5,0.0,0.0,0.0,0.0,,0.0,,
EUR EQ LARGE CP,VOW3.DE,Equities,2019-09-30,2019-10-31,145100.0,1561700.0,0.0,0.0,0.0,0.0,,0.0,,
EUR EQ LARGE CP,SAF.FR,Equities,2019-09-30,2019-10-31,-54075.0,3033975.0,0.0,0.0,0.0,0.0,,0.0,,
EUR EQ LARGE CP,SAN.ES,Equities,2019-09-30,2019-10-31,-247059.0,6358585.5,0.0,0.0,0.0,0.0,,0.0,,
EUR EQ LARGE CP,GLE.FR,Equities,2019-09-30,2019-10-31,3630.0,301740.0,0.0,0.0,0.0,0.0,,0.0,,
EUR EQ LARGE CP,ASML.NL,Equities,2019-10-31,2019-11-29,720800.0,1.598E+7,0.0,0.0,0.0,0.0,,0.0,,
EUR EQ LARGE CP,AIR.FR,Equities,2019-10-31,2019-11-29,402620.0,1.053536E+7,0.0,0.0,0.0,0.0,,0.0,,
EUR EQ LARGE CP,NOKIA.FI,Equities,2019-10-31,2019-11-29,-68528.25,2272596.0,0.0,0.0,0.0,0.0,,0.0,,
EUR EQ LARGE CP,KER.FR,Equities,2019-10-31,2019-11-29,109800.0,1530300.0,0.0,0.0,0.0,0.0,,0.0,,
EUR EQ LARGE CP,ABI.BE,Equities,2019-10-31,2019-11-29,-18870.0,3693165.0,0.0,0.0,0.0,0.0,,0.0,,
EUR EQ LARGE CP,ITX.ES,Equities,2019-10-31,2019-11-29,28210.0,2543450.0,0.0,0.0,0.0,0.0,,0.0,,
EUR EQ LARGE CP,ENEL.IT,Equities,2019-10-31,2019-11-29,-123004.0,8977360.0,0.0,0.0,0.0,0.0,,0.0,,
EUR EQ LARGE CP,OR.FR,Equities,2019-10-31,2019-11-29,-78750.0,6547500.0,0.0,0.0,0.0,0.0,,0.0,,
EUR EQ LARGE CP,BMW.DE,Equities,2019-10-31,2019-11-29,13815.0,206205.0,0.0,0.0,0.0,0.0,,0.0,,
EUR EQ LARGE CP,VOW3.DE,Equities,2019-10-31,2019-11-29,51000.0,1706800.0,0.0,0.0,0.0,0.0,,0.0,,
EUR EQ LARGE CP,PHIA.NL,Equities,2019-10-31,2019-11-29,295610.0,4046612.5,0.0,0.0,0.0,0.0,,0.0,,
EUR EQ LARGE CP,AI.FR,Equities,2019-10-31,2019-11-29,127050.0,3931125.0,0.0,0.0,0.0,0.0,,0.0,,
EUR EQ LARGE CP,SIE.DE,Equities,2019-10-31,2019-11-29,727690.0,5480730.0,0.0,0.0,0.0,0.0,,0.0,,
EUR EQ LARGE CP,ALV.DE,Equities,2019-10-31,2019-11-29,-82800.0,7912800.0,0.0,0.0,0.0,0.0,,0.0,,
EUR EQ LARGE CP,UNA.NL,Equities,2019-10-31,2019-11-29,128140.0,7888805.0,0.0,0.0,0.0,0.0,,0.0,,
EUR EQ LARGE CP,DPW.DE,Equities,2019-10-31,2019-11-29,150220.0,2354495.0,0.0,0.0,0.0,0.0,,0.0,,
EUR EQ LARGE CP,EUR,Cash,2019-10-31,2019-11-29,0.0,1.0E+7,,,,,,,,
EUR EQ LARGE CP,MUV2.DE,Equities,2019-10-31,2019-11-29,78750.0,1747900.0,0.0,0.0,0.0,0.0,,0.0,,
EUR EQ LARGE CP,BNP.FR,Equities,2019-10-31,2019-11-29,228250.0,2574825.0,0.0,0.0,0.0,0.0,,0.0,,
EUR EQ LARGE CP,MC.FR,Equities,2019-10-31,2019-11-29,1185600.0,1.83696E+7,0.0,0.0,0.0,0.0,,0.0,,
EUR EQ LARGE CP,BAS.DE,Equities,2019-10-31,2019-11-29,-6670.0,3146170.0,0.0,0.0,0.0,0.0,,0.0,,
EUR EQ LARGE CP,GLE.FR,Equities,2019-10-31,2019-11-29,37380.0,305370.0,0.0,0.0,0.0,0.0,,0.0,,
EUR EQ LARGE CP,SAF.FR,Equities,2019-10-31,2019-11-29,139650.0,2979900.0,0.0,0.0,0.0,0.0,,0.0,,
EUR EQ LARGE CP,AD.NL,Equities,2019-10-31,2019-11-29,51940.0,1093925.0,0.0,0.0,0.0,0.0,,0.0,,
EUR EQ LARGE CP,DG.FR,Equities,2019-10-31,2019-11-29,-99900.0,6037500.0,0.0,0.0,0.0,0.0,,0.0,,
EUR EQ LARGE CP,FRE.DE,Equities,2019-10-31,2019-11-29,9750.0,188570.0,0.0,0.0,0.0,0.0,,0.0,,
EUR EQ LARGE CP,INGA.NL,Equities,2019-10-31,2019-11-29,49131.0,1612101.0,0.0,0.0,0.0,0.0,,0.0,,
EUR EQ LARGE CP,EL.FR,Equities,2019-10-31,2019-11-29,64800.0,2189200.0,0.0,0.0,0.0,0.0,,0.0,,
EUR EQ LARGE CP,BAYN.DE,Equities,2019-10-31,2019-11-29,-41800.0,2790400.0,0.0,0.0,0.0,0.0,,0.0,,
EUR EQ LARGE CP,DB1.DE,Equities,2019-10-31,2019-11-29,-450.0,278950.0,0.0,0.0,0.0,0.0,,0.0,,
EUR EQ LARGE CP,ISP.IT,Equities,2019-10-31,2019-11-29,60038.75,2512412.25,0.0,0.0,0.0,0.0,,0.0,,
EUR EQ LARGE CP,BBVA.ES,Equities,2019-10-31,2019-11-29,19123.5,1735114.5,0.0,0.0,0.0,0.0,,0.0,,
EUR EQ LARGE CP,CRH.IE,Equities,2019-10-31,2019-11-29,0.0,24794.5,0.0,0.0,0.0,0.0,,0.0,,
EUR EQ LARGE CP,ENI.IT,Equities,2019-10-31,2019-11-29,30140.0,3731880.0,0.0,0.0,0.0,0.0,,0.0,,
EUR EQ LARGE CP,TEF.ES,Equities,2019-10-31,2019-11-29,17000.0,1876528.0,0.0,0.0,0.0,0.0,,0.0,,
EUR EQ LARGE CP,ENGI.FR,Equities,2019-10-31,2019-11-29,-51435.0,1214392.5,0.0,0.0,0.0,0.0,,0.0,,
EUR EQ LARGE CP,BN.FR,Equities,2019-10-31,2019-11-29,18360.0,4018140.0,0.0,0.0,0.0,0.0,,0.0,,
EUR EQ LARGE CP,CS.FR,Equities,2019-10-31,2019-11-29,109817.5,2581665.0,0.0,0.0,0.0,0.0,,0.0,,
EUR EQ LARGE CP,DAI.DE,Equities,2019-10-31,2019-11-29,-30600.0,1260120.0,0.0,0.0,0.0,0.0,,0.0,,
EUR EQ LARGE CP,SAN.ES,Equities,2019-10-31,2019-11-29,-78108.0,6111526.5,0.0,0.0,0.0,0.0,,0.0,,
EUR EQ LARGE CP,SU.FR,Equities,2019-10-31,2019-11-29,188340.0,3582760.0,0.0,0.0,0.0,0.0,,0.0,,
EUR EQ LARGE CP,IBE.ES,Equities,2019-10-31,2019-11-29,-156520.0,5147272.0,0.0,0.0,0.0,0.0,,0.0,,
EUR EQ LARGE CP,SAP.DE,Equities,2019-10-31,2019-11-29,477360.0,1.396863E+7,0.0,0.0,0.0,0.0,,0.0,,
EUR EQ LARGE CP,AMS.ES,Equities,2019-10-31,2019-11-29,222300.0,2530040.0,0.0,0.0,0.0,0.0,,0.0,,
EUR EQ LARGE CP,VIV.FR,Equities,2019-10-31,2019-11-29,-2475.0,1373350.0,0.0,0.0,0.0,0.0,,0.0,,
EUR EQ LARGE CP,ORA.FR,Equities,2019-10-31,2019-11-29,48160.0,1242055.0,0.0,0.0,0.0,0.0,,0.0,,
EUR EQ LARGE CP,SAN.FR,Equities,2019-10-31,2019-11-29,99640.0,4379655.0,0.0,0.0,0.0,0.0,,0.0,,
EUR EQ LARGE CP,ADS.DE,Equities,2019-10-31,2019-11-29,415800.0,1.99962E+7,0.0,0.0,0.0,0.0,,0.0,,
EUR EQ LARGE CP,DTE.DE,Equities,2019-10-31,2019-11-29,-93458.0,2627116.0,0.0,0.0,0.0,0.0,,0.0,,
EUR EQ LARGE CP,FRE.DE,Equities,2019-11-29,2019-12-31,2960.0,198320.0,0.0,0.0,0.0,0.0,,0.0,,
EUR EQ LARGE CP,DTE.DE,Equities,2019-11-29,2019-12-31,-90138.0,2533658.0,0.0,0.0,0.0,0.0,,0.0,,
EUR EQ LARGE CP,SAN.ES,Equities,2019-11-29,2019-12-31,11461.5,6033418.5,0.0,0.0,0.0,0.0,,0.0,,
EUR EQ LARGE CP,VOW3.DE,Equities,2019-11-29,2019-12-31,11200.0,1757800.0,0.0,0.0,0.0,0.0,,0.0,,
EUR EQ LARGE CP,MC.FR,Equities,2019-11-29,2019-12-31,346800.0,1.95552E+7,0.0,0.0,0.0,0.0,,0.0,,
EUR EQ LARGE CP,ENI.IT,Equities,2019-11-29,2019-12-31,-125382.4,3762020.0,0.0,0.0,0.0,0.0,,0.0,,
EUR EQ LARGE CP,SIE.DE,Equities,2019-11-29,2019-12-31,-31800.0,6208420.0,0.0,0.0,0.0,0.0,,0.0,,
EUR EQ LARGE CP,ADS.DE,Equities,2019-11-29,2019-12-31,601200.0,2.0412E+7,0.0,0.0,0.0,0.0,,0.0,,
EUR EQ LARGE CP,EUR,Cash,2019-11-29,2019-12-31,0.0,1.0E+7,,,,,,,,
EUR EQ LARGE CP,ITX.ES,Equities,2019-11-29,2019-12-31,318500.0,2571660.0,0.0,0.0,0.0,0.0,,0.0,,
EUR EQ LARGE CP,BAS.DE,Equities,2019-11-29,2019-12-31,19320.0,3139500.0,0.0,0.0,0.0,0.0,,0.0,,
EUR EQ LARGE CP,DB1.DE,Equities,2019-11-29,2019-12-31,2600.0,278500.0,0.0,0.0,0.0,0.0,,0.0,,
EUR EQ LARGE CP,DPW.DE,Equities,2019-11-29,2019-12-31,40885.0,2504715.0,0.0,0.0,0.0,0.0,,0.0,,
EUR EQ LARGE CP,BNP.FR,Equities,2019-11-29,2019-12-31,110275.0,2803075.0,0.0,0.0,0.0,0.0,,0.0,,
EUR EQ LARGE CP,SAP.DE,Equities,2019-11-29,2019-12-31,-352170.0,1.444599E+7,0.0,0.0,0.0,0.0,,0.0,,
EUR EQ LARGE CP,OR.FR,Equities,2019-11-29,2019-12-31,126250.0,6468750.0,0.0,0.0,0.0,0.0,,0.0,,
EUR EQ LARGE CP,UNA.NL,Equities,2019-11-29,2019-12-31,-372500.0,8016945.0,0.0,0.0,0.0,0.0,,0.0,,
EUR EQ LARGE CP,MUV2.DE,Equities,2019-11-29,2019-12-31,31150.0,1826650.0,0.0,0.0,0.0,0.0,,0.0,,
EUR EQ LARGE CP,BBVA.ES,Equities,2019-11-29,2019-12-31,90402.0,1754238.0,0.0,0.0,0.0,0.0,,0.0,,
EUR EQ LARGE CP,VIV.FR,Equities,2019-11-29,2019-12-31,49500.0,1370875.0,0.0,0.0,0.0,0.0,,0.0,,
EUR EQ LARGE CP,DAI.DE,Equities,2019-11-29,2019-12-31,-34800.0,1229520.0,0.0,0.0,0.0,0.0,,0.0,,
EUR EQ LARGE CP,BAYN.DE,Equities,2019-11-29,2019-12-31,183400.0,2748600.0,0.0,0.0,0.0,0.0,,0.0,,
EUR EQ LARGE CP,BMW.DE,Equities,2019-11-29,2019-12-31,510.0,220020.0,0.0,0.0,0.0,0.0,,0.0,,
EUR EQ LARGE CP,TEF.ES,Equities,2019-11-29,2019-12-31,-169048.0,1893528.0,0.0,0.0,0.0,0.0,,0.0,,
EUR EQ LARGE CP,SAN.FR,Equities,2019-11-29,2019-12-31,272950.0,4479295.0,0.0,0.0,0.0,0.0,,0.0,,
EUR EQ LARGE CP,AD.NL,Equities,2019-11-29,2019-12-31,-33565.0,1145865.0,0.0,0.0,0.0,0.0,,0.0,,
EUR EQ LARGE CP,CS.FR,Equities,2019-11-29,2019-12-31,44962.5,2691482.5,0.0,0.0,0.0,0.0,,0.0,,
EUR EQ LARGE CP,CRH.IE,Equities,2019-11-29,2019-12-31,0.0,24794.5,0.0,0.0,0.0,0.0,,0.0,,
EUR EQ LARGE CP,INGA.NL,Equities,2019-11-29,2019-12-31,51198.0,1661232.0,0.0,0.0,0.0,0.0,,0.0,,
EUR EQ LARGE CP,ASML.NL,Equities,2019-11-29,2019-12-31,1448400.0,1.67008E+7,0.0,0.0,0.0,0.0,,0.0,,
EUR EQ LARGE CP,NOKIA.FI,Equities,2019-11-29,2019-12-31,166082.25,2204067.75,0.0,0.0,0.0,0.0,,0.0,,
EUR EQ LARGE CP,KER.FR,Equities,2019-11-29,2019-12-31,116700.0,1640100.0,0.0,0.0,0.0,0.0,,0.0,,
EUR EQ LARGE CP,GLE.FR,Equities,2019-11-29,2019-12-31,29460.0,342750.0,0.0,0.0,0.0,0.0,,0.0,,
EUR EQ LARGE CP,ABI.BE,Equities,2019-11-29,2019-12-31,-43095.0,3674295.0,0.0,0.0,0.0,0.0,,0.0,,
EUR EQ LARGE CP,AI.FR,Equities,2019-11-29,2019-12-31,127875.0,4058175.0,0.0,0.0,0.0,0.0,,0.0,,
EUR EQ LARGE CP,DG.FR,Equities,2019-11-29,2019-12-31,-4200.0,5937600.0,0.0,0.0,0.0,0.0,,0.0,,
EUR EQ LARGE CP,ISP.IT,Equities,2019-11-29,2019-12-31,63669.0,2572451.0,0.0,0.0,0.0,0.0,,0.0,,
EUR EQ LARGE CP,ORA.FR,Equities,2019-11-29,2019-12-31,-161465.0,1290215.0,0.0,0.0,0.0,0.0,,0.0,,
EUR EQ LARGE CP,BN.FR,Equities,2019-11-29,2019-12-31,-46440.0,4036500.0,0.0,0.0,0.0,0.0,,0.0,,
EUR EQ LARGE CP,ENEL.IT,Equities,2019-11-29,2019-12-31,341964.0,8854356.0,0.0,0.0,0.0,0.0,,0.0,,
EUR EQ LARGE CP,PHIA.NL,Equities,2019-11-29,2019-12-31,166087.5,4342222.5,0.0,0.0,0.0,0.0,,0.0,,
EUR EQ LARGE CP,SU.FR,Equities,2019-11-29,2019-12-31,163830.0,3771100.0,0.0,0.0,0.0,0.0,,0.0,,
EUR EQ LARGE CP,SAF.FR,Equities,2019-11-29,2019-12-31,-229425.0,3119550.0,0.0,0.0,0.0,0.0,,0.0,,
EUR EQ LARGE CP,AIR.FR,Equities,2019-11-29,2019-12-31,-237800.0,1.093798E+7,0.0,0.0,0.0,0.0,,0.0,,
EUR EQ LARGE CP,IBE.ES,Equities,2019-11-29,2019-12-31,6708.0,4990752.0,0.0,0.0,0.0,0.0,,0.0,,
EUR EQ LARGE CP,ALV.DE,Equities,2019-11-29,2019-12-31,99000.0,7830000.0,0.0,0.0,0.0,0.0,,0.0,,
EUR EQ LARGE CP,EL.FR,Equities,2019-11-29,2019-12-31,-27600.0,2254000.0,0.0,0.0,0.0,0.0,,0.0,,
EUR EQ LARGE CP,ENGI.FR,Equities,2019-11-29,2019-12-31,3240.0,1162957.5,0.0,0.0,0.0,0.0,,0.0,,
EUR EQ LARGE CP,AMS.ES,Equities,2019-11-29,2019-12-31,59660.0,2752340.0,0.0,0.0,0.0,0.0,,0.0,,
EUR EQ LARGE CP,ISP.IT,Equities,2019-12-31,2020-01-31,-126779.5,2636120.0,0.0,0.0,0.0,0.0,,0.0,,
EUR EQ LARGE CP,TEF.ES,Equities,2019-12-31,2020-01-31,-57936.0,1724480.0,0.0,0.0,0.0,0.0,,0.0,,
EUR EQ LARGE CP,SAN.ES,Equities,2019-12-31,2020-01-31,22074.0,6044880.0,0.0,0.0,0.0,0.0,,0.0,,
EUR EQ LARGE CP,ALV.DE,Equities,2019-12-31,2020-01-31,-147600.0,7929000.0,0.0,0.0,0.0,0.0,,0.0,,
EUR EQ LARGE CP,AD.NL,Equities,2019-12-31,2020-01-31,-24500.0,1112300.0,0.0,0.0,0.0,0.0,,0.0,,
EUR EQ LARGE CP,OR.FR,Equities,2019-12-31,2020-01-31,-292500.0,6595000.0,0.0,0.0,0.0,0.0,,0.0,,
EUR EQ LARGE CP,KER.FR,Equities,2019-12-31,2020-01-31,-92400.0,1756800.0,0.0,0.0,0.0,0.0,,0.0,,
EUR EQ LARGE CP,IBE.ES,Equities,2019-12-31,2020-01-31,525460.0,4997460.0,0.0,0.0,0.0,0.0,,0.0,,
EUR EQ LARGE CP,ENGI.FR,Equities,2019-12-31,2020-01-31,94567.5,1166197.5,0.0,0.0,0.0,0.0,,0.0,,
EUR EQ LARGE CP,BAYN.DE,Equities,2019-12-31,2020-01-31,3600.0,2932000.0,0.0,0.0,0.0,0.0,,0.0,,
EUR EQ LARGE CP,EUR,Cash,2019-12-31,2020-01-31,0.0,1.0E+7,,,,,,,,
EUR EQ LARGE CP,INGA.NL,Equities,2019-12-31,2020-01-31,-147313.5,1712430.0,0.0,0.0,0.0,0.0,,0.0,,
EUR EQ LARGE CP,MC.FR,Equities,2019-12-31,2020-01-31,-928800.0,1.9902E+7,0.0,0.0,0.0,0.0,,0.0,,
EUR EQ LARGE CP,CS.FR,Equities,2019-12-31,2020-01-31,-112270.0,2736445.0,0.0,0.0,0.0,0.0,,0.0,,
EUR EQ LARGE CP,ASML.NL,Equities,2019-12-31,2020-01-31,-819400.0,1.81492E+7,0.0,0.0,0.0,0.0,,0.0,,
EUR EQ LARGE CP,MUV2.DE,Equities,2019-12-31,2020-01-31,8400.0,1857800.0,0.0,0.0,0.0,0.0,,0.0,,
EUR EQ LARGE CP,VIV.FR,Equities,2019-12-31,2020-01-31,-58300.0,1420375.0,0.0,0.0,0.0,0.0,,0.0,,
EUR EQ LARGE CP,VOW3.DE,Equities,2019-12-31,2020-01-31,-141500.0,1769000.0,0.0,0.0,0.0,0.0,,0.0,,
EUR EQ LARGE CP,ENI.IT,Equities,2019-12-31,2020-01-31,-163139.6,3636637.6,0.0,0.0,0.0,0.0,,0.0,,
EUR EQ LARGE CP,DAI.DE,Equities,2019-12-31,2020-01-31,-191880.0,1194720.0,0.0,0.0,0.0,0.0,,0.0,,
EUR EQ LARGE CP,SU.FR,Equities,2019-12-31,2020-01-31,-43000.0,3934930.0,0.0,0.0,0.0,0.0,,0.0,,
EUR EQ LARGE CP,UNA.NL,Equities,2019-12-31,2020-01-31,208600.0,7644445.0,0.0,0.0,0.0,0.0,,0.0,,
EUR EQ LARGE CP,NOKIA.FI,Equities,2019-12-31,2020-01-31,41391.75,2370150.0,0.0,0.0,0.0,0.0,,0.0,,
EUR EQ LARGE CP,ORA.FR,Equities,2019-12-31,2020-01-31,-27735.0,1128750.0,0.0,0.0,0.0,0.0,,0.0,,
EUR EQ LARGE CP,DTE.DE,Equities,2019-12-31,2020-01-31,-16600.0,2443520.0,0.0,0.0,0.0,0.0,,0.0,,
EUR EQ LARGE CP,AMS.ES,Equities,2019-12-31,2020-01-31,-108300.0,2812000.0,0.0,0.0,0.0,0.0,,0.0,,
EUR EQ LARGE CP,BN.FR,Equities,2019-12-31,2020-01-31,-79920.0,3990060.0,0.0,0.0,0.0,0.0,,0.0,,
EUR EQ LARGE CP,BBVA.ES,Equities,2019-12-31,2020-01-31,-104676.0,1844640.0,0.0,0.0,0.0,0.0,,0.0,,
EUR EQ LARGE CP,AI.FR,Equities,2019-12-31,2020-01-31,129525.0,4186050.0,0.0,0.0,0.0,0.0,,0.0,,
EUR EQ LARGE CP,CRH.IE,Equities,2019-12-31,2020-01-31,0.0,24794.5,0.0,0.0,0.0,0.0,,0.0,,
EUR EQ LARGE CP,EL.FR,Equities,2019-12-31,2020-01-31,-77600.0,2226400.0,0.0,0.0,0.0,0.0,,0.0,,
EUR EQ LARGE CP,ITX.ES,Equities,2019-12-31,2020-01-31,-144690.0,2890160.0,0.0,0.0,0.0,0.0,,0.0,,
EUR EQ LARGE CP,SAP.DE,Equities,2019-12-31,2020-01-31,-277290.0,1.409382E+7,0.0,0.0,0.0,0.0,,0.0,,
EUR EQ LARGE CP,GLE.FR,Equities,2019-12-31,2020-01-31,-21540.0,372210.0,0.0,0.0,0.0,0.0,,0.0,,
EUR EQ LARGE CP,BMW.DE,Equities,2019-12-31,2020-01-31,-27405.0,220530.0,0.0,0.0,0.0,0.0,,0.0,,
EUR EQ LARGE CP,SIE.DE,Equities,2019-12-31,2020-01-31,-258110.0,6176620.0,0.0,0.0,0.0,0.0,,0.0,,
EUR EQ LARGE CP,BNP.FR,Equities,2019-12-31,2020-01-31,-270325.0,2913350.0,0.0,0.0,0.0,0.0,,0.0,,
EUR EQ LARGE CP,ABI.BE,Equities,2019-12-31,2020-01-31,-161925.0,3631200.0,0.0,0.0,0.0,0.0,,0.0,,
EUR EQ LARGE CP,AIR.FR,Equities,2019-12-31,2020-01-31,229600.0,1.070018E+7,0.0,0.0,0.0,0.0,,0.0,,
EUR EQ LARGE CP,DPW.DE,Equities,2019-12-31,2020-01-31,-209790.0,2545600.0,0.0,0.0,0.0,0.0,,0.0,,
EUR EQ LARGE CP,FRE.DE,Equities,2019-12-31,2020-01-31,-17330.0,201280.0,0.0,0.0,0.0,0.0,,0.0,,
EUR EQ LARGE CP,DG.FR,Equities,2019-12-31,2020-01-31,81600.0,5933400.0,0.0,0.0,0.0,0.0,,0.0,,
EUR EQ LARGE CP,ENEL.IT,Equities,2019-12-31,2020-01-31,940884.0,9196320.0,0.0,0.0,0.0,0.0,,0.0,,
EUR EQ LARGE CP,PHIA.NL,Equities,2019-12-31,2020-01-31,-253895.0,4508310.0,0.0,0.0,0.0,0.0,,0.0,,
EUR EQ LARGE CP,BAS.DE,Equities,2019-12-31,2020-01-31,-351670.0,3158820.0,0.0,0.0,0.0,0.0,,0.0,,
EUR EQ LARGE CP,ADS.DE,Equities,2019-12-31,2020-01-31,-415800.0,2.10132E+7,0.0,0.0,0.0,0.0,,0.0,,
EUR EQ LARGE CP,DB1.DE,Equities,2019-12-31,2020-01-31,13200.0,281100.0,0.0,0.0,0.0,0.0,,0.0,,
EUR EQ LARGE CP,SAN.FR,Equities,2019-12-31,2020-01-31,-137800.0,4752245.0,0.0,0.0,0.0,0.0,,0.0,,
EUR EQ LARGE CP,SAF.FR,Equities,2019-12-31,2020-01-31,173775.0,2890125.0,0.0,0.0,0.0,0.0,,0.0,,
EUR EQ LARGE CP,AIR.FR,Equities,2020-01-31,2020-02-28,-2063120.0,1.092978E+7,0.0,0.0,0.0,0.0,,0.0,,
EUR EQ LARGE CP,OR.FR,Equities,2020-01-31,2020-02-28,-276250.0,6302500.0,0.0,0.0,0.0,0.0,,0.0,,
EUR EQ LARGE CP,ENGI.FR,Equities,2020-01-31,2020-02-28,-43132.5,1260765.0,0.0,0.0,0.0,0.0,,0.0,,
EUR EQ LARGE CP,AI.FR,Equities,2020-01-31,2020-02-28,-259050.0,4315575.0,0.0,0.0,0.0,0.0,,0.0,,
EUR EQ LARGE CP,ADS.DE,Equities,2020-01-31,2020-02-28,-2626200.0,2.05974E+7,0.0,0.0,0.0,0.0,,0.0,,
EUR EQ LARGE CP,SAP.DE,Equities,2020-01-31,2020-02-28,-765180.0,1.381653E+7,0.0,0.0,0.0,0.0,,0.0,,
EUR EQ LARGE CP,BAS.DE,Equities,2020-01-31,2020-02-28,-384100.0,2807150.0,0.0,0.0,0.0,0.0,,0.0,,
EUR EQ LARGE CP,CS.FR,Equities,2020-01-31,2020-02-28,-339807.5,2624175.0,0.0,0.0,0.0,0.0,,0.0,,
EUR EQ LARGE CP,ENEL.IT,Equities,2020-01-31,2020-02-28,-329084.0,10137204,0.0,0.0,0.0,0.0,,0.0,,
EUR EQ LARGE CP,SIE.DE,Equities,2020-01-31,2020-02-28,-1021310.0,5918510.0,0.0,0.0,0.0,0.0,,0.0,,
EUR EQ LARGE CP,ORA.FR,Equities,2020-01-31,2020-02-28,-52890.0,1101015.0,0.0,0.0,0.0,0.0,,0.0,,
EUR EQ LARGE CP,ENI.IT,Equities,2020-01-31,2020-02-28,-424426.0,3473498.0,0.0,0.0,0.0,0.0,,0.0,,
EUR EQ LARGE CP,DPW.DE,Equities,2020-01-31,2020-02-28,-340030.0,2335810.0,0.0,0.0,0.0,0.0,,0.0,,
EUR EQ LARGE CP,ITX.ES,Equities,2020-01-31,2020-02-28,-222040.0,2745470.0,0.0,0.0,0.0,0.0,,0.0,,
EUR EQ LARGE CP,PHIA.NL,Equities,2020-01-31,2020-02-28,-306940.0,4254415.0,0.0,0.0,0.0,0.0,,0.0,,
EUR EQ LARGE CP,BN.FR,Equities,2020-01-31,2020-02-28,-469800.0,3910140.0,0.0,0.0,0.0,0.0,,0.0,,
EUR EQ LARGE CP,MUV2.DE,Equities,2020-01-31,2020-02-28,-248850.0,1866200.0,0.0,0.0,0.0,0.0,,0.0,,
EUR EQ LARGE CP,BMW.DE,Equities,2020-01-31,2020-02-28,-17355.0,193125.0,0.0,0.0,0.0,0.0,,0.0,,
EUR EQ LARGE CP,DG.FR,Equities,2020-01-31,2020-02-28,-555600.0,6015000.0,0.0,0.0,0.0,0.0,,0.0,,
EUR EQ LARGE CP,KER.FR,Equities,2020-01-31,2020-02-28,-146700.0,1664400.0,0.0,0.0,0.0,0.0,,0.0,,
EUR EQ LARGE CP,SU.FR,Equities,2020-01-31,2020-02-28,430.0,3891930.0,0.0,0.0,0.0,0.0,,0.0,,
EUR EQ LARGE CP,EL.FR,Equities,2020-01-31,2020-02-28,-180000.0,2148800.0,0.0,0.0,0.0,0.0,,0.0,,
EUR EQ LARGE CP,NOKIA.FI,Equities,2020-01-31,2020-02-28,-48261.75,2411541.75,0.0,0.0,0.0,0.0,,0.0,,
EUR EQ LARGE CP,DB1.DE,Equities,2020-01-31,2020-02-28,-11650.0,294300.0,0.0,0.0,0.0,0.0,,0.0,,
EUR EQ LARGE CP,SAN.FR,Equities,2020-01-31,2020-02-28,-165890.0,4614445.0,0.0,0.0,0.0,0.0,,0.0,,
EUR EQ LARGE CP,VOW3.DE,Equities,2020-01-31,2020-02-28,-142300.0,1627500.0,0.0,0.0,0.0,0.0,,0.0,,
EUR EQ LARGE CP,FRE.DE,Equities,2020-01-31,2020-02-28,-16030.0,183950.0,0.0,0.0,0.0,0.0,,0.0,,
EUR EQ LARGE CP,INGA.NL,Equities,2020-01-31,2020-02-28,-205746.0,1565116.5,0.0,0.0,0.0,0.0,,0.0,,
EUR EQ LARGE CP,GLE.FR,Equities,2020-01-31,2020-02-28,-43560.0,350670.0,0.0,0.0,0.0,0.0,,0.0,,
EUR EQ LARGE CP,BAYN.DE,Equities,2020-01-31,2020-02-28,-349400.0,2935600.0,0.0,0.0,0.0,0.0,,0.0,,
EUR EQ LARGE CP,CRH.IE,Equities,2020-01-31,2020-02-28,0.0,24794.5,0.0,0.0,0.0,0.0,,0.0,,
EUR EQ LARGE CP,VIV.FR,Equities,2020-01-31,2020-02-28,-95150.0,1362075.0,0.0,0.0,0.0,0.0,,0.0,,
EUR EQ LARGE CP,ACA.FR,Equities,2020-01-31,2020-02-28,-1233710.0,0.0,0.0,0.0,0.0,0.0,,0.0,,
EUR EQ LARGE CP,DTE.DE,Equities,2020-01-31,2020-02-28,19090.0,2426920.0,0.0,0.0,0.0,0.0,,0.0,,
EUR EQ LARGE CP,EUR,Cash,2020-01-31,2020-02-28,0.0,1.0E+7,,,,,,,,
EUR EQ LARGE CP,MC.FR,Equities,2020-01-31,2020-02-28,-1171200.0,1.89732E+7,0.0,0.0,0.0,0.0,,0.0,,
EUR EQ LARGE CP,SAN.ES,Equities,2020-01-31,2020-02-28,-447423.0,6066954.0,0.0,0.0,0.0,0.0,,0.0,,
EUR EQ LARGE CP,ASML.NL,Equities,2020-01-31,2020-02-28,-554200.0,1.73298E+7,0.0,0.0,0.0,0.0,,0.0,,
EUR EQ LARGE CP,ISP.IT,Equities,2020-01-31,2020-02-28,-57525.5,2509340.5,0.0,0.0,0.0,0.0,,0.0,,
EUR EQ LARGE CP,ABI.BE,Equities,2020-01-31,2020-02-28,-841500.0,3469275.0,0.0,0.0,0.0,0.0,,0.0,,
EUR EQ LARGE CP,SAF.FR,Equities,2020-01-31,2020-02-28,-457275.0,3063900.0,0.0,0.0,0.0,0.0,,0.0,,
EUR EQ LARGE CP,IBE.ES,Equities,2020-01-31,2020-02-28,273910.0,5522920.0,0.0,0.0,0.0,0.0,,0.0,,
EUR EQ LARGE CP,BBVA.ES,Equities,2020-01-31,2020-02-28,-165432.0,1739964.0,0.0,0.0,0.0,0.0,,0.0,,
EUR EQ LARGE CP,UNA.NL,Equities,2020-01-31,2020-02-28,-758037.5,7853045.0,0.0,0.0,0.0,0.0,,0.0,,
EUR EQ LARGE CP,AMS.ES,Equities,2020-01-31,2020-02-28,-306660.0,2703700.0,0.0,0.0,0.0,0.0,,0.0,,
EUR EQ LARGE CP,AD.NL,Equities,2020-01-31,2020-02-28,-49980.0,1087800.0,0.0,0.0,0.0,0.0,,0.0,,
EUR EQ LARGE CP,ALV.DE,Equities,2020-01-31,2020-02-28,-778680.0,7781400.0,0.0,0.0,0.0,0.0,,0.0,,
EUR EQ LARGE CP,BNP.FR,Equities,2020-01-31,2020-02-28,-234712.5,2643025.0,0.0,0.0,0.0,0.0,,0.0,,
EUR EQ LARGE CP,TEF.ES,Equities,2020-01-31,2020-02-28,-212160.0,1666544.0,0.0,0.0,0.0,0.0,,0.0,,
EUR EQ LARGE CP,DAI.DE,Equities,2020-01-31,2020-02-28,-108120.0,1002840.0,0.0,0.0,0.0,0.0,,0.0,,
EUR EQ LARGE CP,BNP.FR,Equities,2020-02-28,2020-03-31,-894162.5,2408312.5,0.0,0.0,0.0,0.0,,0.0,,
EUR EQ LARGE CP,FRE.DE,Equities,2020-02-28,2020-03-31,-31550.0,167920.0,0.0,0.0,0.0,0.0,,0.0,,
EUR EQ LARGE CP,INGA.NL,Equities,2020-02-28,2020-03-31,-609963.75,1359370.5,0.0,0.0,0.0,0.0,,0.0,,
EUR EQ LARGE CP,OR.FR,Equities,2020-02-28,2020-03-31,-52500.0,6026250.0,0.0,0.0,0.0,0.0,,0.0,,
EUR EQ LARGE CP,SIE.DE,Equities,2020-02-28,2020-03-31,-813020.0,4897200.0,0.0,0.0,0.0,0.0,,0.0,,
EUR EQ LARGE CP,CS.FR,Equities,2020-02-28,2020-03-31,-565001.5,2284367.5,0.0,0.0,0.0,0.0,,0.0,,
EUR EQ LARGE CP,ENEL.IT,Equities,2020-02-28,2020-03-31,-1579732.0,9808120.0,0.0,0.0,0.0,0.0,,0.0,,
EUR EQ LARGE CP,SAP.DE,Equities,2020-02-28,2020-03-31,-1074060.0,1.305135E+7,0.0,0.0,0.0,0.0,,0.0,,
EUR EQ LARGE CP,ASML.NL,Equities,2020-02-28,2020-03-31,-574600.0,1.67756E+7,0.0,0.0,0.0,0.0,,0.0,,
EUR EQ LARGE CP,BAS.DE,Equities,2020-02-28,2020-03-31,-445970.0,2423050.0,0.0,0.0,0.0,0.0,,0.0,,
EUR EQ LARGE CP,BMW.DE,Equities,2020-02-28,2020-03-31,-34080.0,175770.0,0.0,0.0,0.0,0.0,,0.0,,
EUR EQ LARGE CP,ORA.FR,Equities,2020-02-28,2020-03-31,-90730.0,1048125.0,0.0,0.0,0.0,0.0,,0.0,,
EUR EQ LARGE CP,DB1.DE,Equities,2020-02-28,2020-03-31,-31300.0,282650.0,0.0,0.0,0.0,0.0,,0.0,,
EUR EQ LARGE CP,TEF.ES,Equities,2020-02-28,2020-03-31,-313140.0,1454384.0,0.0,0.0,0.0,0.0,,0.0,,
EUR EQ LARGE CP,DG.FR,Equities,2020-02-28,2020-03-31,-938400.0,5459400.0,0.0,0.0,0.0,0.0,,0.0,,
EUR EQ LARGE CP,BN.FR,Equities,2020-02-28,2020-03-31,-274860.0,3440340.0,0.0,0.0,0.0,0.0,,0.0,,
EUR EQ LARGE CP,UNA.NL,Equities,2020-02-28,2020-03-31,-426885.0,7095007.5,0.0,0.0,0.0,0.0,,0.0,,
EUR EQ LARGE CP,AMS.ES,Equities,2020-02-28,2020-03-31,-765130.0,2397040.0,0.0,0.0,0.0,0.0,,0.0,,
EUR EQ LARGE CP,ITX.ES,Equities,2020-02-28,2020-03-31,-370370.0,2523430.0,0.0,0.0,0.0,0.0,,0.0,,
EUR EQ LARGE CP,ENGI.FR,Equities,2020-02-28,2020-03-31,-455341.5,1217632.5,0.0,0.0,0.0,0.0,,0.0,,
EUR EQ LARGE CP,SAN.FR,Equities,2020-02-28,2020-03-31,-201400.0,4448555.0,0.0,0.0,0.0,0.0,,0.0,,
EUR EQ LARGE CP,AIR.FR,Equities,2020-02-28,2020-03-31,-4000370.0,8866660.0,0.0,0.0,0.0,0.0,,0.0,,
EUR EQ LARGE CP,ACA.FR,Equities,2020-02-28,2020-03-31,-654305.0,8213855.0,0.0,0.0,0.0,0.0,,0.0,,
EUR EQ LARGE CP,EL.FR,Equities,2020-02-28,2020-03-31,-395040.0,1968800.0,0.0,0.0,0.0,0.0,,0.0,,
EUR EQ LARGE CP,DTE.DE,Equities,2020-02-28,2020-03-31,-483890.0,2446010.0,0.0,0.0,0.0,0.0,,0.0,,
EUR EQ LARGE CP,ISP.IT,Equities,2020-02-28,2020-03-31,-807814.4,2451815.0,0.0,0.0,0.0,0.0,,0.0,,
EUR EQ LARGE CP,SU.FR,Equities,2020-02-28,2020-03-31,-513850.0,3892360.0,0.0,0.0,0.0,0.0,,0.0,,
EUR EQ LARGE CP,KER.FR,Equities,2020-02-28,2020-03-31,-90675.0,1517700.0,0.0,0.0,0.0,0.0,,0.0,,
EUR EQ LARGE CP,GLE.FR,Equities,2020-02-28,2020-03-31,-123018.0,307110.0,0.0,0.0,0.0,0.0,,0.0,,
EUR EQ LARGE CP,SAN.ES,Equities,2020-02-28,2020-03-31,-1863555.0,5619531.0,0.0,0.0,0.0,0.0,,0.0,,
EUR EQ LARGE CP,BAYN.DE,Equities,2020-02-28,2020-03-31,-469400.0,2586200.0,0.0,0.0,0.0,0.0,,0.0,,
EUR EQ LARGE CP,CRH.IE,Equities,2020-02-28,2020-03-31,0.0,24794.5,0.0,0.0,0.0,0.0,,0.0,,
EUR EQ LARGE CP,ABI.BE,Equities,2020-02-28,2020-03-31,-570690.0,2627775.0,0.0,0.0,0.0,0.0,,0.0,,
EUR EQ LARGE CP,AD.NL,Equities,2020-02-28,2020-03-31,6615.0,1037820.0,0.0,0.0,0.0,0.0,,0.0,,
EUR EQ LARGE CP,AI.FR,Equities,2020-02-28,2020-03-31,-217800.0,4056525.0,0.0,0.0,0.0,0.0,,0.0,,
EUR EQ LARGE CP,MC.FR,Equities,2020-02-28,2020-03-31,-1543200.0,1.7802E+7,0.0,0.0,0.0,0.0,,0.0,,
EUR EQ LARGE CP,BBVA.ES,Equities,2020-02-28,2020-03-31,-531798.0,1574532.0,0.0,0.0,0.0,0.0,,0.0,,
EUR EQ LARGE CP,VIV.FR,Equities,2020-02-28,2020-03-31,-192775.0,1266925.0,0.0,0.0,0.0,0.0,,0.0,,
EUR EQ LARGE CP,MUV2.DE,Equities,2020-02-28,2020-03-31,-323400.0,1617350.0,0.0,0.0,0.0,0.0,,0.0,,
EUR EQ LARGE CP,IBE.ES,Equities,2020-02-28,2020-03-31,-746824.0,5796830.0,0.0,0.0,0.0,0.0,,0.0,,
EUR EQ LARGE CP,DAI.DE,Equities,2020-02-28,2020-03-31,-236280.0,894720.0,0.0,0.0,0.0,0.0,,0.0,,
EUR EQ LARGE CP,SAF.FR,Equities,2020-02-28,2020-03-31,-923265.0,2606625.0,0.0,0.0,0.0,0.0,,0.0,,
EUR EQ LARGE CP,DPW.DE,Equities,2020-02-28,2020-03-31,-162430.0,1995780.0,0.0,0.0,0.0,0.0,,0.0,,
EUR EQ LARGE CP,NOKIA.FI,Equities,2020-02-28,2020-03-31,-400177.5,2363280.0,0.0,0.0,0.0,0.0,,0.0,,
EUR EQ LARGE CP,ENI.IT,Equities,2020-02-28,2020-03-31,-544164.0,3049072.0,0.0,0.0,0.0,0.0,,0.0,,
EUR EQ LARGE CP,PHIA.NL,Equities,2020-02-28,2020-03-31,-199562.5,3947475.0,0.0,0.0,0.0,0.0,,0.0,,
EUR EQ LARGE CP,ADS.DE,Equities,2020-02-28,2020-03-31,-3094200.0,1.79712E+7,0.0,0.0,0.0,0.0,,0.0,,
EUR EQ LARGE CP,EUR,Cash,2020-02-28,2020-03-31,0.0,552435.0,,,,,,,,
EUR EQ LARGE CP,VOW3.DE,Equities,2020-02-28,2020-03-31,-425100.0,1485200.0,0.0,0.0,0.0,0.0,,0.0,,
EUR EQ LARGE CP,ALV.DE,Equities,2020-02-28,2020-03-31,-1361880.0,7002720.0,0.0,0.0,0.0,0.0,,0.0,,
EUR EQ LARGE CP,VOW3.DE,Equities,2020-03-31,2020-04-30,215500.0,1060100.0,0.0,0.0,0.0,0.0,,0.0,,
EUR EQ LARGE CP,ALV.DE,Equities,2020-03-31,2020-04-30,450720.0,5640840.0,0.0,0.0,0.0,0.0,,0.0,,
EUR EQ LARGE CP,ISP.IT,Equities,2020-03-31,2020-04-30,-60653.1,1644000.6,0.0,0.0,0.0,0.0,,0.0,,
EUR EQ LARGE CP,AMS.ES,Equities,2020-03-31,2020-04-30,27550.0,1631910.0,0.0,0.0,0.0,0.0,,0.0,,
EUR EQ LARGE CP,SAN.FR,Equities,2020-03-31,2020-04-30,480180.0,4247155.0,0.0,0.0,0.0,0.0,,0.0,,
EUR EQ LARGE CP,IBE.ES,Equities,2020-03-31,2020-04-30,59254.0,5050006.0,0.0,0.0,0.0,0.0,,0.0,,
EUR EQ LARGE CP,ENI.IT,Equities,2020-03-31,2020-04-30,-124670.0,2504908.0,0.0,0.0,0.0,0.0,,0.0,,
EUR EQ LARGE CP,DAI.DE,Equities,2020-03-31,2020-04-30,98520.0,658440.0,0.0,0.0,0.0,0.0,,0.0,,
EUR EQ LARGE CP,ENEL.IT,Equities,2020-03-31,2020-04-30,-223468.0,8228388.0,0.0,0.0,0.0,0.0,,0.0,,
EUR EQ LARGE CP,KER.FR,Equities,2020-03-31,2020-04-30,-46125.0,1427025.0,0.0,0.0,0.0,0.0,,0.0,,
EUR EQ LARGE CP,DTE.DE,Equities,2020-03-31,2020-04-30,246095.0,1962120.0,0.0,0.0,0.0,0.0,,0.0,,
EUR EQ LARGE CP,VIV.FR,Equities,2020-03-31,2020-04-30,9487.5,1074150.0,0.0,0.0,0.0,0.0,,0.0,,
EUR EQ LARGE CP,AD.NL,Equities,2020-03-31,2020-04-30,41405.0,1044435.0,0.0,0.0,0.0,0.0,,0.0,,
EUR EQ LARGE CP,AI.FR,Equities,2020-03-31,2020-04-30,-8250.0,3838725.0,0.0,0.0,0.0,0.0,,0.0,,
EUR EQ LARGE CP,ASML.NL,Equities,2020-03-31,2020-04-30,1931200.0,1.6201E+7,0.0,0.0,0.0,0.0,,0.0,,
EUR EQ LARGE CP,BN.FR,Equities,2020-03-31,2020-04-30,250020.0,3165480.0,0.0,0.0,0.0,0.0,,0.0,,
EUR EQ LARGE CP,AIR.FR,Equities,2020-03-31,2020-04-30,-120540.0,4866290.0,0.0,0.0,0.0,0.0,,0.0,,
EUR EQ LARGE CP,BNP.FR,Equities,2020-03-31,2020-04-30,62837.5,1514150.0,0.0,0.0,0.0,0.0,,0.0,,
EUR EQ LARGE CP,SIE.DE,Equities,2020-03-31,2020-04-30,386105.0,4084180.0,0.0,0.0,0.0,0.0,,0.0,,
EUR EQ LARGE CP,SAF.FR,Equities,2020-03-31,2020-04-30,86520.0,1683360.0,0.0,0.0,0.0,0.0,,0.0,,
EUR EQ LARGE CP,SU.FR,Equities,2020-03-31,2020-04-30,209840.0,3378510.0,0.0,0.0,0.0,0.0,,0.0,,
EUR EQ LARGE CP,BAS.DE,Equities,2020-03-31,2020-04-30,158240.0,1977080.0,0.0,0.0,0.0,0.0,,0.0,,
EUR EQ LARGE CP,DPW.DE,Equities,2020-03-31,2020-04-30,169460.0,1833350.0,0.0,0.0,0.0,0.0,,0.0,,
EUR EQ LARGE CP,GLE.FR,Equities,2020-03-31,2020-04-30,-12912.0,184092.0,0.0,0.0,0.0,0.0,,0.0,,
EUR EQ LARGE CP,ORA.FR,Equities,2020-03-31,2020-04-30,-215.0,957395.0,0.0,0.0,0.0,0.0,,0.0,,
EUR EQ LARGE CP,ABI.BE,Equities,2020-03-31,2020-04-30,109012.5,2057085.0,0.0,0.0,0.0,0.0,,0.0,,
EUR EQ LARGE CP,INGA.NL,Equities,2020-03-31,2020-04-30,46189.50,749406.75,0.0,0.0,0.0,0.0,,0.0,,
EUR EQ LARGE CP,CRH.IE,Equities,2020-03-31,2020-04-30,0.0,24794.5,0.0,0.0,0.0,0.0,,0.0,,
EUR EQ LARGE CP,NOKIA.FI,Equities,2020-03-31,2020-04-30,328042.5,1963102.5,0.0,0.0,0.0,0.0,,0.0,,
EUR EQ LARGE CP,TEF.ES,Equities,2020-03-31,2020-04-30,-13940.0,1141244.0,0.0,0.0,0.0,0.0,,0.0,,
EUR EQ LARGE CP,OR.FR,Equities,2020-03-31,2020-04-30,655000.0,5973750.0,0.0,0.0,0.0,0.0,,0.0,,
EUR EQ LARGE CP,BMW.DE,Equities,2020-03-31,2020-04-30,20235.0,141690.0,0.0,0.0,0.0,0.0,,0.0,,
EUR EQ LARGE CP,ENGI.FR,Equities,2020-03-31,2020-04-30,40338.0,762291.0,0.0,0.0,0.0,0.0,,0.0,,
EUR EQ LARGE CP,DG.FR,Equities,2020-03-31,2020-04-30,-40200.0,4521000.0,0.0,0.0,0.0,0.0,,0.0,,
EUR EQ LARGE CP,ACA.FR,Equities,2020-03-31,2020-04-30,-530185.0,7559550.0,0.0,0.0,0.0,0.0,,0.0,,
EUR EQ LARGE CP,FRE.DE,Equities,2020-03-31,2020-04-30,21750.0,136370.0,0.0,0.0,0.0,0.0,,0.0,,
EUR EQ LARGE CP,PHIA.NL,Equities,2020-03-31,2020-04-30,339127.5,3747912.5,0.0,0.0,0.0,0.0,,0.0,,
EUR EQ LARGE CP,CS.FR,Equities,2020-03-31,2020-04-30,45889.0,1719366.0,0.0,0.0,0.0,0.0,,0.0,,
EUR EQ LARGE CP,DB1.DE,Equities,2020-03-31,2020-04-30,31150.0,251350.0,0.0,0.0,0.0,0.0,,0.0,,
EUR EQ LARGE CP,MC.FR,Equities,2020-03-31,2020-04-30,660000.0,1.62588E+7,0.0,0.0,0.0,0.0,,0.0,,
EUR EQ LARGE CP,MUV2.DE,Equities,2020-03-31,2020-04-30,118650.0,1293950.0,0.0,0.0,0.0,0.0,,0.0,,
EUR EQ LARGE CP,ADS.DE,Equities,2020-03-31,2020-04-30,196200.0,1.4877E+7,0.0,0.0,0.0,0.0,,0.0,,
EUR EQ LARGE CP,SAP.DE,Equities,2020-03-31,2020-04-30,672750.0,1.197729E+7,0.0,0.0,0.0,0.0,,0.0,,
EUR EQ LARGE CP,BAYN.DE,Equities,2020-03-31,2020-04-30,287400.0,2116800.0,0.0,0.0,0.0,0.0,,0.0,,
EUR EQ LARGE CP,UNA.NL,Equities,2020-03-31,2020-04-30,121062.5,6668122.5,0.0,0.0,0.0,0.0,,0.0,,
EUR EQ LARGE CP,SAN.ES,Equities,2020-03-31,2020-04-30,-306064.5,3755976.0,0.0,0.0,0.0,0.0,,0.0,,
EUR EQ LARGE CP,ITX.ES,Equities,2020-03-31,2020-04-30,-37310.0,2153060.0,0.0,0.0,0.0,0.0,,0.0,,
EUR EQ LARGE CP,EL.FR,Equities,2020-03-31,2020-04-30,222640.0,1573760.0,0.0,0.0,0.0,0.0,,0.0,,
EUR EQ LARGE CP,EUR,Cash,2020-03-31,2020-04-30,0.0,552435.0,,,,,,,,
EUR EQ LARGE CP,BBVA.ES,Equities,2020-03-31,2020-04-30,27450.0,1042734.0,0.0,0.0,0.0,0.0,,0.0,,
EUR EQ LARGE CP,ORA.FR,Equities,2020-04-30,2020-05-29,-24295.0,957180.0,0.0,0.0,0.0,0.0,,0.0,,
EUR EQ LARGE CP,ITX.ES,Equities,2020-04-30,2020-05-29,163800.0,2115750.0,0.0,0.0,0.0,0.0,,0.0,,
EUR EQ LARGE CP,ISP.IT,Equities,2020-04-30,2020-05-29,148896.1,1583347.5,0.0,0.0,0.0,0.0,,0.0,,
EUR EQ LARGE CP,SIE.DE,Equities,2020-04-30,2020-05-29,771150.0,4470285.0,0.0,0.0,0.0,0.0,,0.0,,
EUR EQ LARGE CP,VOW3.DE,Equities,2020-04-30,2020-05-29,45700.0,1275600.0,0.0,0.0,0.0,0.0,,0.0,,
EUR EQ LARGE CP,ACA.FR,Equities,2020-04-30,2020-05-29,167455.0,7029365.0,0.0,0.0,0.0,0.0,,0.0,,
EUR EQ LARGE CP,SAP.DE,Equities,2020-04-30,2020-05-29,514800.0,1.265004E+7,0.0,0.0,0.0,0.0,,0.0,,
EUR EQ LARGE CP,UNA.NL,Equities,2020-04-30,2020-05-29,134845.0,6789185.0,0.0,0.0,0.0,0.0,,0.0,,
EUR EQ LARGE CP,EL.FR,Equities,2020-04-30,2020-05-29,57200.0,1796400.0,0.0,0.0,0.0,0.0,,0.0,,
EUR EQ LARGE CP,BBVA.ES,Equities,2020-04-30,2020-05-29,-45384.0,1070184.0,0.0,0.0,0.0,0.0,,0.0,,
EUR EQ LARGE CP,DB1.DE,Equities,2020-04-30,2020-05-29,13150.0,282500.0,0.0,0.0,0.0,0.0,,0.0,,
EUR EQ LARGE CP,TEF.ES,Equities,2020-04-30,2020-05-29,22032.0,1127304.0,0.0,0.0,0.0,0.0,,0.0,,
EUR EQ LARGE CP,OR.FR,Equities,2020-04-30,2020-05-29,-80000.0,6628750.0,0.0,0.0,0.0,0.0,,0.0,,
EUR EQ LARGE CP,PHIA.NL,Equities,2020-04-30,2020-05-29,126947.5,4087040.0,0.0,0.0,0.0,0.0,,0.0,,
EUR EQ LARGE CP,SAN.FR,Equities,2020-04-30,2020-05-29,-86655.0,4727335.0,0.0,0.0,0.0,0.0,,0.0,,
EUR EQ LARGE CP,DTE.DE,Equities,2020-04-30,2020-05-29,144420.0,2208215.0,0.0,0.0,0.0,0.0,,0.0,,
EUR EQ LARGE CP,INGA.NL,Equities,2020-04-30,2020-05-29,131691.75,795596.25,0.0,0.0,0.0,0.0,,0.0,,
EUR EQ LARGE CP,ALV.DE,Equities,2020-04-30,2020-05-29,-204840.0,6091560.0,0.0,0.0,0.0,0.0,,0.0,,
EUR EQ LARGE CP,KER.FR,Equities,2020-04-30,2020-05-29,28500.0,1380900.0,0.0,0.0,0.0,0.0,,0.0,,
EUR EQ LARGE CP,FRE.DE,Equities,2020-04-30,2020-05-29,14380.0,158120.0,0.0,0.0,0.0,0.0,,0.0,,
EUR EQ LARGE CP,SAF.FR,Equities,2020-04-30,2020-05-29,33600.0,1769880.0,0.0,0.0,0.0,0.0,,0.0,,
EUR EQ LARGE CP,DAI.DE,Equities,2020-04-30,2020-05-29,48240.0,756960.0,0.0,0.0,0.0,0.0,,0.0,,
EUR EQ LARGE CP,MC.FR,Equities,2020-04-30,2020-05-29,1099200.0,1.69188E+7,0.0,0.0,0.0,0.0,,0.0,,
EUR EQ LARGE CP,AMS.ES,Equities,2020-04-30,2020-05-29,129960.0,1659460.0,0.0,0.0,0.0,0.0,,0.0,,
EUR EQ LARGE CP,CS.FR,Equities,2020-04-30,2020-05-29,21037.0,1765255.0,0.0,0.0,0.0,0.0,,0.0,,
EUR EQ LARGE CP,VIV.FR,Equities,2020-04-30,2020-05-29,40562.5,1083637.5,0.0,0.0,0.0,0.0,,0.0,,
EUR EQ LARGE CP,BNP.FR,Equities,2020-04-30,2020-05-29,197175.0,1576987.5,0.0,0.0,0.0,0.0,,0.0,,
EUR EQ LARGE CP,SAN.ES,Equities,2020-04-30,2020-05-29,71740.5,3449911.5,0.0,0.0,0.0,0.0,,0.0,,
EUR EQ LARGE CP,ENI.IT,Equities,2020-04-30,2020-05-29,-140562.0,2380238.0,0.0,0.0,0.0,0.0,,0.0,,
EUR EQ LARGE CP,CRH.IE,Equities,2020-04-30,2020-05-29,0.0,24794.5,0.0,0.0,0.0,0.0,,0.0,,
EUR EQ LARGE CP,DPW.DE,Equities,2020-04-30,2020-05-29,73630.0,2002810.0,0.0,0.0,0.0,0.0,,0.0,,
EUR EQ LARGE CP,ASML.NL,Equities,2020-04-30,2020-05-29,1788400.0,1.81322E+7,0.0,0.0,0.0,0.0,,0.0,,
EUR EQ LARGE CP,ADS.DE,Equities,2020-04-30,2020-05-29,1998000.0,1.50732E+7,0.0,0.0,0.0,0.0,,0.0,,
EUR EQ LARGE CP,BMW.DE,Equities,2020-04-30,2020-05-29,-3705.0,161925.0,0.0,0.0,0.0,0.0,,0.0,,
EUR EQ LARGE CP,GLE.FR,Equities,2020-04-30,2020-05-29,-12372.0,171180.0,0.0,0.0,0.0,0.0,,0.0,,
EUR EQ LARGE CP,BN.FR,Equities,2020-04-30,2020-05-29,-81000.0,3415500.0,0.0,0.0,0.0,0.0,,0.0,,
EUR EQ LARGE CP,NOKIA.FI,Equities,2020-04-30,2020-05-29,127266.75,2291145.0,0.0,0.0,0.0,0.0,,0.0,,
EUR EQ LARGE CP,AD.NL,Equities,2020-04-30,2020-05-29,24500.0,1085840.0,0.0,0.0,0.0,0.0,,0.0,,
EUR EQ LARGE CP,BAS.DE,Equities,2020-04-30,2020-05-29,106720.0,2135320.0,0.0,0.0,0.0,0.0,,0.0,,
EUR EQ LARGE CP,ABI.BE,Equities,2020-04-30,2020-05-29,-29835.0,2166097.5,0.0,0.0,0.0,0.0,,0.0,,
EUR EQ LARGE CP,BAYN.DE,Equities,2020-04-30,2020-05-29,44200.0,2404200.0,0.0,0.0,0.0,0.0,,0.0,,
EUR EQ LARGE CP,IBE.ES,Equities,2020-04-30,2020-05-29,250432.0,5109260.0,0.0,0.0,0.0,0.0,,0.0,,
EUR EQ LARGE CP,MUV2.DE,Equities,2020-04-30,2020-05-29,23100.0,1412600.0,0.0,0.0,0.0,0.0,,0.0,,
EUR EQ LARGE CP,AIR.FR,Equities,2020-04-30,2020-05-29,-95530.0,4745750.0,0.0,0.0,0.0,0.0,,0.0,,
EUR EQ LARGE CP,ENEL.IT,Equities,2020-04-30,2020-05-29,873264.0,8004920.0,0.0,0.0,0.0,0.0,,0.0,,
EUR EQ LARGE CP,EUR,Cash,2020-04-30,2020-05-29,0.0,552435.0,,,,,,,,
EUR EQ LARGE CP,DG.FR,Equities,2020-04-30,2020-05-29,503400.0,4480800.0,0.0,0.0,0.0,0.0,,0.0,,
EUR EQ LARGE CP,AI.FR,Equities,2020-04-30,2020-05-29,199650.0,3830475.0,0.0,0.0,0.0,0.0,,0.0,,
EUR EQ LARGE CP,ENGI.FR,Equities,2020-04-30,2020-05-29,59008.5,802629.0,0.0,0.0,0.0,0.0,,0.0,,
EUR EQ LARGE CP,SU.FR,Equities,2020-04-30,2020-05-29,249400.0,3588350.0,0.0,0.0,0.0,0.0,,0.0,,
EUR EQ LARGE CP,MC.FR,Equities,2020-05-29,2020-06-30,679200.0,1.8018E+7,0.0,0.0,0.0,0.0,,0.0,,
EUR EQ LARGE CP,INGA.NL,Equities,2020-05-29,2020-06-30,66939.0,927288.0,0.0,0.0,0.0,0.0,,0.0,,
EUR EQ LARGE CP,ABI.BE,Equities,2020-05-29,2020-06-30,111180.0,2136262.5,0.0,0.0,0.0,0.0,,0.0,,
EUR EQ LARGE CP,ASML.NL,Equities,2020-05-29,2020-06-30,2125000.0,1.99206E+7,0.0,0.0,0.0,0.0,,0.0,,
EUR EQ LARGE CP,TEF.ES,Equities,2020-05-29,2020-06-30,35088.0,1149336.0,0.0,0.0,0.0,0.0,,0.0,,
EUR EQ LARGE CP,VOW3.DE,Equities,2020-05-29,2020-06-30,29300.0,1321300.0,0.0,0.0,0.0,0.0,,0.0,,
EUR EQ LARGE CP,CS.FR,Equities,2020-05-29,2020-06-30,244051.0,1786292.0,0.0,0.0,0.0,0.0,,0.0,,
EUR EQ LARGE CP,DPW.DE,Equities,2020-05-29,2020-06-30,284160.0,2076440.0,0.0,0.0,0.0,0.0,,0.0,,
EUR EQ LARGE CP,VIV.FR,Equities,2020-05-29,2020-06-30,152350.0,1124200.0,0.0,0.0,0.0,0.0,,0.0,,
EUR EQ LARGE CP,UNA.NL,Equities,2020-05-29,2020-06-30,201895.0,6924030.0,0.0,0.0,0.0,0.0,,0.0,,
EUR EQ LARGE CP,DAI.DE,Equities,2020-05-29,2020-06-30,60780.0,805200.0,0.0,0.0,0.0,0.0,,0.0,,
EUR EQ LARGE CP,AD.NL,Equities,2020-05-29,2020-06-30,71540.0,1110340.0,0.0,0.0,0.0,0.0,,0.0,,
EUR EQ LARGE CP,ENI.IT,Equities,2020-05-29,2020-06-30,122889.0,2239676.0,0.0,0.0,0.0,0.0,,0.0,,
EUR EQ LARGE CP,AI.FR,Equities,2020-05-29,2020-06-30,176550.0,4030125.0,0.0,0.0,0.0,0.0,,0.0,,
EUR EQ LARGE CP,AIR.FR,Equities,2020-05-29,2020-06-30,544890.0,4650220.0,0.0,0.0,0.0,0.0,,0.0,,
EUR EQ LARGE CP,KER.FR,Equities,2020-05-29,2020-06-30,34500.0,1409400.0,0.0,0.0,0.0,0.0,,0.0,,
EUR EQ LARGE CP,MUV2.DE,Equities,2020-05-29,2020-06-30,158200.0,1435700.0,0.0,0.0,0.0,0.0,,0.0,,
EUR EQ LARGE CP,BNP.FR,Equities,2020-05-29,2020-06-30,170362.5,1774162.5,0.0,0.0,0.0,0.0,,0.0,,
EUR EQ LARGE CP,ENEL.IT,Equities,2020-05-29,2020-06-30,1067752.0,8878184.0,0.0,0.0,0.0,0.0,,0.0,,
EUR EQ LARGE CP,ORA.FR,Equities,2020-05-29,2020-06-30,-13760.0,932885.0,0.0,0.0,0.0,0.0,,0.0,,
EUR EQ LARGE CP,FRE.DE,Equities,2020-05-29,2020-06-30,4620.0,172500.0,0.0,0.0,0.0,0.0,,0.0,,
EUR EQ LARGE CP,ACA.FR,Equities,2020-05-29,2020-06-30,197950.0,7196820.0,0.0,0.0,0.0,0.0,,0.0,,
EUR EQ LARGE CP,BN.FR,Equities,2020-05-29,2020-06-30,19440.0,3334500.0,0.0,0.0,0.0,0.0,,0.0,,
EUR EQ LARGE CP,GLE.FR,Equities,2020-05-29,2020-06-30,20136.0,158808.0,0.0,0.0,0.0,0.0,,0.0,,
EUR EQ LARGE CP,ADS.DE,Equities,2020-05-29,2020-06-30,-374400.0,1.70712E+7,0.0,0.0,0.0,0.0,,0.0,,
EUR EQ LARGE CP,BMW.DE,Equities,2020-05-29,2020-06-30,11790.0,158220.0,0.0,0.0,0.0,0.0,,0.0,,
EUR EQ LARGE CP,OR.FR,Equities,2020-05-29,2020-06-30,583750.0,6548750.0,0.0,0.0,0.0,0.0,,0.0,,
EUR EQ LARGE CP,CRH.IE,Equities,2020-05-29,2020-06-30,0.0,24794.5,0.0,0.0,0.0,0.0,,0.0,,
EUR EQ LARGE CP,ITX.ES,Equities,2020-05-29,2020-06-30,-103740.0,2279550.0,0.0,0.0,0.0,0.0,,0.0,,
EUR EQ LARGE CP,ENGI.FR,Equities,2020-05-29,2020-06-30,44550.0,861637.5,0.0,0.0,0.0,0.0,,0.0,,
EUR EQ LARGE CP,SAN.ES,Equities,2020-05-29,2020-06-30,225834.0,3521652.0,0.0,0.0,0.0,0.0,,0.0,,
EUR EQ LARGE CP,DB1.DE,Equities,2020-05-29,2020-06-30,25050.0,295650.0,0.0,0.0,0.0,0.0,,0.0,,
EUR EQ LARGE CP,DG.FR,Equities,2020-05-29,2020-06-30,-21600.0,4984200.0,0.0,0.0,0.0,0.0,,0.0,,
EUR EQ LARGE CP,SAP.DE,Equities,2020-05-29,2020-06-30,1174680.0,1.316484E+7,0.0,0.0,0.0,0.0,,0.0,,
EUR EQ LARGE CP,ALV.DE,Equities,2020-05-29,2020-06-30,618120.0,5886720.0,0.0,0.0,0.0,0.0,,0.0,,
EUR EQ LARGE CP,BAS.DE,Equities,2020-05-29,2020-06-30,73140.0,2242040.0,0.0,0.0,0.0,0.0,,0.0,,
EUR EQ LARGE CP,BBVA.ES,Equities,2020-05-29,2020-06-30,104676.0,1024800.0,0.0,0.0,0.0,0.0,,0.0,,
EUR EQ LARGE CP,DTE.DE,Equities,2020-05-29,2020-06-30,104995.0,2352635.0,0.0,0.0,0.0,0.0,,0.0,,
EUR EQ LARGE CP,PHIA.NL,Equities,2020-05-29,2020-06-30,72100.0,4213987.5,0.0,0.0,0.0,0.0,,0.0,,
EUR EQ LARGE CP,SU.FR,Equities,2020-05-29,2020-06-30,402910.0,3837750.0,0.0,0.0,0.0,0.0,,0.0,,
EUR EQ LARGE CP,SAN.FR,Equities,2020-05-29,2020-06-30,211470.0,4640680.0,0.0,0.0,0.0,0.0,,0.0,,
EUR EQ LARGE CP,SAF.FR,Equities,2020-05-29,2020-06-30,72030.0,1803480.0,0.0,0.0,0.0,0.0,,0.0,,
EUR EQ LARGE CP,AMS.ES,Equities,2020-05-29,2020-06-30,2850.0,1789420.0,0.0,0.0,0.0,0.0,,0.0,,
EUR EQ LARGE CP,SIE.DE,Equities,2020-05-29,2020-06-30,279045.0,5241435.0,0.0,0.0,0.0,0.0,,0.0,,
EUR EQ LARGE CP,BAYN.DE,Equities,2020-05-29,2020-06-30,231600.0,2448400.0,0.0,0.0,0.0,0.0,,0.0,,
EUR EQ LARGE CP,EL.FR,Equities,2020-05-29,2020-06-30,401600.0,1853600.0,0.0,0.0,0.0,0.0,,0.0,,
EUR EQ LARGE CP,EUR,Cash,2020-05-29,2020-06-30,0.0,552435.0,,,,,,,,
EUR EQ LARGE CP,NOKIA.FI,Equities,2020-05-29,2020-06-30,238389.00,2418411.75,0.0,0.0,0.0,0.0,,0.0,,
EUR EQ LARGE CP,ISP.IT,Equities,2020-05-29,2020-06-30,169002.1,1732243.6,0.0,0.0,0.0,0.0,,0.0,,
EUR EQ LARGE CP,IBE.ES,Equities,2020-05-29,2020-06-30,330928.0,5359692.0,0.0,0.0,0.0,0.0,,0.0,,
EUR EQ LARGE CP,ADS.DE,Equities,2020-06-30,2020-07-31,86400.0,1.66968E+7,0.0,0.0,0.0,0.0,,0.0,,
EUR EQ LARGE CP,TEF.ES,Equities,2020-06-30,2020-07-31,-167008.0,1184424.0,0.0,0.0,0.0,0.0,,0.0,,
EUR EQ LARGE CP,GLE.FR,Equities,2020-06-30,2020-07-31,-20868.0,178944.0,0.0,0.0,0.0,0.0,,0.0,,
EUR EQ LARGE CP,BNP.FR,Equities,2020-06-30,2020-07-31,-53900.0,1944525.0,0.0,0.0,0.0,0.0,,0.0,,
EUR EQ LARGE CP,BN.FR,Equities,2020-06-30,2020-07-31,-274860.0,3353940.0,0.0,0.0,0.0,0.0,,0.0,,
EUR EQ LARGE CP,KER.FR,Equities,2020-06-30,2020-07-31,33675.0,1443900.0,0.0,0.0,0.0,0.0,,0.0,,
EUR EQ LARGE CP,AIR.FR,Equities,2020-06-30,2020-07-31,-820.0,5195110.0,0.0,0.0,0.0,0.0,,0.0,,
EUR EQ LARGE CP,AMS.ES,Equities,2020-06-30,2020-07-31,-142310.0,1792270.0,0.0,0.0,0.0,0.0,,0.0,,
EUR EQ LARGE CP,MUV2.DE,Equities,2020-06-30,2020-07-31,-17500.0,1593900.0,0.0,0.0,0.0,0.0,,0.0,,
EUR EQ LARGE CP,AI.FR,Equities,2020-06-30,2020-07-31,402600.0,4206675.0,0.0,0.0,0.0,0.0,,0.0,,
EUR EQ LARGE CP,ITX.ES,Equities,2020-06-30,2020-07-31,-108290.0,2175810.0,0.0,0.0,0.0,0.0,,0.0,,
EUR EQ LARGE CP,ENI.IT,Equities,2020-06-30,2020-07-31,-220159.0,2362565.0,0.0,0.0,0.0,0.0,,0.0,,
EUR EQ LARGE CP,IBE.ES,Equities,2020-06-30,2020-07-31,416455.0,5690620.0,0.0,0.0,0.0,0.0,,0.0,,
EUR EQ LARGE CP,BMW.DE,Equities,2020-06-30,2020-07-31,-2190.0,170010.0,0.0,0.0,0.0,0.0,,0.0,,
EUR EQ LARGE CP,ASML.NL,Equities,2020-06-30,2020-07-31,-1298800.0,2.20456E+7,0.0,0.0,0.0,0.0,,0.0,,
EUR EQ LARGE CP,ABI.BE,Equities,2020-06-30,2020-07-31,258442.5,2247442.5,0.0,0.0,0.0,0.0,,0.0,,
EUR EQ LARGE CP,SAN.FR,Equities,2020-06-30,2020-07-31,-158735.0,4852150.0,0.0,0.0,0.0,0.0,,0.0,,
EUR EQ LARGE CP,DB1.DE,Equities,2020-06-30,2020-07-31,-5700.0,320700.0,0.0,0.0,0.0,0.0,,0.0,,
EUR EQ LARGE CP,VIV.FR,Equities,2020-06-30,2020-07-31,-66000.0,1276550.0,0.0,0.0,0.0,0.0,,0.0,,
EUR EQ LARGE CP,FRE.DE,Equities,2020-06-30,2020-07-31,-7940.0,177120.0,0.0,0.0,0.0,0.0,,0.0,,
EUR EQ LARGE CP,MC.FR,Equities,2020-06-30,2020-07-31,-748800.0,1.86972E+7,0.0,0.0,0.0,0.0,,0.0,,
EUR EQ LARGE CP,OR.FR,Equities,2020-06-30,2020-07-31,-21250.0,7132500.0,0.0,0.0,0.0,0.0,,0.0,,
EUR EQ LARGE CP,ENGI.FR,Equities,2020-06-30,2020-07-31,-27337.5,906187.5,0.0,0.0,0.0,0.0,,0.0,,
EUR EQ LARGE CP,VOW3.DE,Equities,2020-06-30,2020-07-31,-68800.0,1350600.0,0.0,0.0,0.0,0.0,,0.0,,
EUR EQ LARGE CP,INGA.NL,Equities,2020-06-30,2020-07-31,-44758.5,994227.0,0.0,0.0,0.0,0.0,,0.0,,
EUR EQ LARGE CP,ISP.IT,Equities,2020-06-30,2020-07-31,36525.9,1901245.7,0.0,0.0,0.0,0.0,,0.0,,
EUR EQ LARGE CP,CRH.IE,Equities,2020-06-30,2020-07-31,0.0,24794.5,0.0,0.0,0.0,0.0,,0.0,,
EUR EQ LARGE CP,ALV.DE,Equities,2020-06-30,2020-07-31,-140400.0,6504840.0,0.0,0.0,0.0,0.0,,0.0,,
EUR EQ LARGE CP,SIE.DE,Equities,2020-06-30,2020-07-31,275070.0,5520480.0,0.0,0.0,0.0,0.0,,0.0,,
EUR EQ LARGE CP,DAI.DE,Equities,2020-06-30,2020-07-31,56940.0,865980.0,0.0,0.0,0.0,0.0,,0.0,,
EUR EQ LARGE CP,UNA.NL,Equities,2020-06-30,2020-07-31,444765.0,7125925.0,0.0,0.0,0.0,0.0,,0.0,,
EUR EQ LARGE CP,SAP.DE,Equities,2020-06-30,2020-07-31,1260090.0,1.433952E+7,0.0,0.0,0.0,0.0,,0.0,,
EUR EQ LARGE CP,DPW.DE,Equities,2020-06-30,2020-07-31,169830.0,2360600.0,0.0,0.0,0.0,0.0,,0.0,,
EUR EQ LARGE CP,AD.NL,Equities,2020-06-30,2020-07-31,19600.0,1181880.0,0.0,0.0,0.0,0.0,,0.0,,
EUR EQ LARGE CP,BBVA.ES,Equities,2020-06-30,2020-07-31,-140727.0,1129476.0,0.0,0.0,0.0,0.0,,0.0,,
EUR EQ LARGE CP,NOKIA.FI,Equities,2020-06-30,2020-07-31,-132075.75,2656800.75,0.0,0.0,0.0,0.0,,0.0,,
EUR EQ LARGE CP,SAN.ES,Equities,2020-06-30,2020-07-31,-463554.0,3747486.0,0.0,0.0,0.0,0.0,,0.0,,
EUR EQ LARGE CP,BAS.DE,Equities,2020-06-30,2020-07-31,-136735.0,2315180.0,0.0,0.0,0.0,0.0,,0.0,,
EUR EQ LARGE CP,CS.FR,Equities,2020-06-30,2020-07-31,-154562.0,2030343.0,0.0,0.0,0.0,0.0,,0.0,,
EUR EQ LARGE CP,SAF.FR,Equities,2020-06-30,2020-07-31,99960.0,1875510.0,0.0,0.0,0.0,0.0,,0.0,,
EUR EQ LARGE CP,ACA.FR,Equities,2020-06-30,2020-07-31,-561215.0,7394770.0,0.0,0.0,0.0,0.0,,0.0,,
EUR EQ LARGE CP,ORA.FR,Equities,2020-06-30,2020-07-31,-62909.0,919125.0,0.0,0.0,0.0,0.0,,0.0,,
EUR EQ LARGE CP,PHIA.NL,Equities,2020-06-30,2020-07-31,279130.0,4286087.5,0.0,0.0,0.0,0.0,,0.0,,
EUR EQ LARGE CP,SU.FR,Equities,2020-06-30,2020-07-31,58050.0,4240660.0,0.0,0.0,0.0,0.0,,0.0,,
EUR EQ LARGE CP,EL.FR,Equities,2020-06-30,2020-07-31,0.0,2255200.0,0.0,0.0,0.0,0.0,,0.0,,
EUR EQ LARGE CP,EUR,Cash,2020-06-30,2020-07-31,0.0,552435.0,,,,,,,,
EUR EQ LARGE CP,DG.FR,Equities,2020-06-30,2020-07-31,-302400.0,4962600.0,0.0,0.0,0.0,0.0,,0.0,,
EUR EQ LARGE CP,DTE.DE,Equities,2020-06-30,2020-07-31,-83000.0,2457630.0,0.0,0.0,0.0,0.0,,0.0,,
EUR EQ LARGE CP,BAYN.DE,Equities,2020-06-30,2020-07-31,-419800.0,2680000.0,0.0,0.0,0.0,0.0,,0.0,,
EUR EQ LARGE CP,ENEL.IT,Equities,2020-06-30,2020-07-31,19964.0,9945936.0,0.0,0.0,0.0,0.0,,0.0,,
EUR EQ LARGE CP,UNA.NL,Equities,2020-07-31,2020-08-31,-271925.0,7570690.0,0.0,0.0,0.0,0.0,,0.0,,
EUR EQ LARGE CP,DG.FR,Equities,2020-07-31,2020-08-31,229200.0,4660200.0,0.0,0.0,0.0,0.0,,0.0,,
EUR EQ LARGE CP,NOKIA.FI,Equities,2020-07-31,2020-08-31,347106.75,2524725.0,0.0,0.0,0.0,0.0,,0.0,,
EUR EQ LARGE CP,ITX.ES,Equities,2020-07-31,2020-08-31,121030.0,2067520.0,0.0,0.0,0.0,0.0,,0.0,,
EUR EQ LARGE CP,INGA.NL,Equities,2020-07-31,2020-08-31,170448.0,949468.5,0.0,0.0,0.0,0.0,,0.0,,
EUR EQ LARGE CP,SAN.ES,Equities,2020-07-31,2020-08-31,56034.0,3283932.0,0.0,0.0,0.0,0.0,,0.0,,
EUR EQ LARGE CP,VIV.FR,Equities,2020-07-31,2020-08-31,109175.0,1210550.0,0.0,0.0,0.0,0.0,,0.0,,
EUR EQ LARGE CP,DB1.DE,Equities,2020-07-31,2020-08-31,100.0,315000.0,0.0,0.0,0.0,0.0,,0.0,,
EUR EQ LARGE CP,ENGI.FR,Equities,2020-07-31,2020-08-31,23490.0,878850.0,0.0,0.0,0.0,0.0,,0.0,,
EUR EQ LARGE CP,ABI.BE,Equities,2020-07-31,2020-08-31,19252.5,2505885.0,0.0,0.0,0.0,0.0,,0.0,,
EUR EQ LARGE CP,ISP.IT,Equities,2020-07-31,2020-08-31,100976.8,1937771.6,0.0,0.0,0.0,0.0,,0.0,,
EUR EQ LARGE CP,SU.FR,Equities,2020-07-31,2020-08-31,217365.0,4298710.0,0.0,0.0,0.0,0.0,,0.0,,
EUR EQ LARGE CP,ORA.FR,Equities,2020-07-31,2020-08-31,-32766.0,856216.0,0.0,0.0,0.0,0.0,,0.0,,
EUR EQ LARGE CP,FRE.DE,Equities,2020-07-31,2020-08-31,-11640.0,169180.0,0.0,0.0,0.0,0.0,,0.0,,
EUR EQ LARGE CP,CS.FR,Equities,2020-07-31,2020-08-31,30193.0,1875781.0,0.0,0.0,0.0,0.0,,0.0,,
EUR EQ LARGE CP,ENEL.IT,Equities,2020-07-31,2020-08-31,-127512.0,9965900.0,0.0,0.0,0.0,0.0,,0.0,,
EUR EQ LARGE CP,MC.FR,Equities,2020-07-31,2020-08-31,1074000.0,1.79484E+7,0.0,0.0,0.0,0.0,,0.0,,
EUR EQ LARGE CP,IBE.ES,Equities,2020-07-31,2020-08-31,-153725.0,6107075.0,0.0,0.0,0.0,0.0,,0.0,,
EUR EQ LARGE CP,ACA.FR,Equities,2020-07-31,2020-08-31,293715.0,6833555.0,0.0,0.0,0.0,0.0,,0.0,,
EUR EQ LARGE CP,ADS.DE,Equities,2020-07-31,2020-08-31,1375200.0,1.67832E+7,0.0,0.0,0.0,0.0,,0.0,,
EUR EQ LARGE CP,BAYN.DE,Equities,2020-07-31,2020-08-31,-59000.0,2260200.0,0.0,0.0,0.0,0.0,,0.0,,
EUR EQ LARGE CP,DAI.DE,Equities,2020-07-31,2020-08-31,107280.0,922920.0,0.0,0.0,0.0,0.0,,0.0,,
EUR EQ LARGE CP,SAP.DE,Equities,2020-07-31,2020-08-31,766350.0,1.559961E+7,0.0,0.0,0.0,0.0,,0.0,,
EUR EQ LARGE CP,SAF.FR,Equities,2020-07-31,2020-08-31,172830.0,1975470.0,0.0,0.0,0.0,0.0,,0.0,,
EUR EQ LARGE CP,CRH.IE,Equities,2020-07-31,2020-08-31,0.0,24794.5,0.0,0.0,0.0,0.0,,0.0,,
EUR EQ LARGE CP,AIR.FR,Equities,2020-07-31,2020-08-31,670350.0,5194290.0,0.0,0.0,0.0,0.0,,0.0,,
EUR EQ LARGE CP,BNP.FR,Equities,2020-07-31,2020-08-31,188925.0,1890625.0,0.0,0.0,0.0,0.0,,0.0,,
EUR EQ LARGE CP,BBVA.ES,Equities,2020-07-31,2020-08-31,-35685.0,988749.0,0.0,0.0,0.0,0.0,,0.0,,
EUR EQ LARGE CP,SIE.DE,Equities,2020-07-31,2020-08-31,468520.0,5795550.0,0.0,0.0,0.0,0.0,,0.0,,
EUR EQ LARGE CP,PHIA.NL,Equities,2020-07-31,2020-08-31,-329600.0,4565217.5,0.0,0.0,0.0,0.0,,0.0,,
EUR EQ LARGE CP,AD.NL,Equities,2020-07-31,2020-08-31,54390.0,1201480.0,0.0,0.0,0.0,0.0,,0.0,,
EUR EQ LARGE CP,OR.FR,Equities,2020-07-31,2020-08-31,-180000.0,7111250.0,0.0,0.0,0.0,0.0,,0.0,,
EUR EQ LARGE CP,MUV2.DE,Equities,2020-07-31,2020-08-31,141050.0,1576400.0,0.0,0.0,0.0,0.0,,0.0,,
EUR EQ LARGE CP,DTE.DE,Equities,2020-07-31,2020-08-31,112465.0,2374630.0,0.0,0.0,0.0,0.0,,0.0,,
EUR EQ LARGE CP,ENI.IT,Equities,2020-07-31,2020-08-31,38771.0,2142406.0,0.0,0.0,0.0,0.0,,0.0,,
EUR EQ LARGE CP,TEF.ES,Equities,2020-07-31,2020-08-31,-91936.0,1017416.0,0.0,0.0,0.0,0.0,,0.0,,
EUR EQ LARGE CP,ASML.NL,Equities,2020-07-31,2020-08-31,788800.0,2.07468E+7,0.0,0.0,0.0,0.0,,0.0,,
EUR EQ LARGE CP,EL.FR,Equities,2020-07-31,2020-08-31,0.0,2255200.0,0.0,0.0,0.0,0.0,,0.0,,
EUR EQ LARGE CP,BMW.DE,Equities,2020-07-31,2020-08-31,10995.0,167820.0,0.0,0.0,0.0,0.0,,0.0,,
EUR EQ LARGE CP,BN.FR,Equities,2020-07-31,2020-08-31,-96660.0,3079080.0,0.0,0.0,0.0,0.0,,0.0,,
EUR EQ LARGE CP,GLE.FR,Equities,2020-07-31,2020-08-31,11760.0,158076.0,0.0,0.0,0.0,0.0,,0.0,,
EUR EQ LARGE CP,EUR,Cash,2020-07-31,2020-08-31,0.0,552435.0,,,,,,,,
EUR EQ LARGE CP,BAS.DE,Equities,2020-07-31,2020-08-31,183885.0,2178445.0,0.0,0.0,0.0,0.0,,0.0,,
EUR EQ LARGE CP,KER.FR,Equities,2020-07-31,2020-08-31,72075.0,1477575.0,0.0,0.0,0.0,0.0,,0.0,,
EUR EQ LARGE CP,AMS.ES,Equities,2020-07-31,2020-08-31,210900.0,1649960.0,0.0,0.0,0.0,0.0,,0.0,,
EUR EQ LARGE CP,VOW3.DE,Equities,2020-07-31,2020-08-31,115000.0,1281800.0,0.0,0.0,0.0,0.0,,0.0,,
EUR EQ LARGE CP,AI.FR,Equities,2020-07-31,2020-08-31,-4125.0,4609275.0,0.0,0.0,0.0,0.0,,0.0,,
EUR EQ LARGE CP,DPW.DE,Equities,2020-07-31,2020-08-31,294890.0,2530430.0,0.0,0.0,0.0,0.0,,0.0,,
EUR EQ LARGE CP,ALV.DE,Equities,2020-07-31,2020-08-31,315720.0,6364440.0,0.0,0.0,0.0,0.0,,0.0,,
EUR EQ LARGE CP,SAN.FR,Equities,2020-07-31,2020-08-31,-187090.0,4693415.0,0.0,0.0,0.0,0.0,,0.0,,
EUR EQ LARGE CP,ENI.IT,Equities,2020-08-31,2020-09-30,-354830.0,2181177.0,0.0,0.0,0.0,0.0,,0.0,,
EUR EQ LARGE CP,ENGI.FR,Equities,2020-08-31,2020-09-30,11542.5,902340.0,0.0,0.0,0.0,0.0,,0.0,,
EUR EQ LARGE CP,VOW3.DE,Equities,2020-08-31,2020-09-30,-11600.0,1396800.0,0.0,0.0,0.0,0.0,,0.0,,
EUR EQ LARGE CP,CS.FR,Equities,2020-08-31,2020-09-30,-188897.0,1905974.0,0.0,0.0,0.0,0.0,,0.0,,
EUR EQ LARGE CP,ITX.ES,Equities,2020-08-31,2020-09-30,-10010.0,2188550.0,0.0,0.0,0.0,0.0,,0.0,,
EUR EQ LARGE CP,DAI.DE,Equities,2020-08-31,2020-09-30,66540.0,1030200.0,0.0,0.0,0.0,0.0,,0.0,,
EUR EQ LARGE CP,MUV2.DE,Equities,2020-08-31,2020-09-30,-190400.0,1717450.0,0.0,0.0,0.0,0.0,,0.0,,
EUR EQ LARGE CP,SAF.FR,Equities,2020-08-31,2020-09-30,-359940.0,2148300.0,0.0,0.0,0.0,0.0,,0.0,,
EUR EQ LARGE CP,KER.FR,Equities,2020-08-31,2020-09-30,180300.0,1549650.0,0.0,0.0,0.0,0.0,,0.0,,
EUR EQ LARGE CP,BAS.DE,Equities,2020-08-31,2020-09-30,40710.0,2362330.0,0.0,0.0,0.0,0.0,,0.0,,
EUR EQ LARGE CP,DTE.DE,Equities,2020-08-31,2020-09-30,-119935.0,2487095.0,0.0,0.0,0.0,0.0,,0.0,,
EUR EQ LARGE CP,SAP.DE,Equities,2020-08-31,2020-09-30,-726570.0,1.636596E+7,0.0,0.0,0.0,0.0,,0.0,,
EUR EQ LARGE CP,DPW.DE,Equities,2020-08-31,2020-09-30,93980.0,2825320.0,0.0,0.0,0.0,0.0,,0.0,,
EUR EQ LARGE CP,ORA.FR,Equities,2020-08-31,2020-09-30,-66220.0,823450.0,0.0,0.0,0.0,0.0,,0.0,,
EUR EQ LARGE CP,FRE.DE,Equities,2020-08-31,2020-09-30,-3060.0,157540.0,0.0,0.0,0.0,0.0,,0.0,,
EUR EQ LARGE CP,ISP.IT,Equities,2020-08-31,2020-09-30,-243841.1,2038748.4,0.0,0.0,0.0,0.0,,0.0,,
EUR EQ LARGE CP,AIR.FR,Equities,2020-08-31,2020-09-30,-731850.0,5864640.0,0.0,0.0,0.0,0.0,,0.0,,
EUR EQ LARGE CP,SIE.DE,Equities,2020-08-31,2020-09-30,-502970.0,6264070.0,0.0,0.0,0.0,0.0,,0.0,,
EUR EQ LARGE CP,AI.FR,Equities,2020-08-31,2020-09-30,-66825.0,4605150.0,0.0,0.0,0.0,0.0,,0.0,,
EUR EQ LARGE CP,ENEL.IT,Equities,2020-08-31,2020-09-30,-177744.0,9838388.0,0.0,0.0,0.0,0.0,,0.0,,
EUR EQ LARGE CP,AMS.ES,Equities,2020-08-31,2020-09-30,-45030.0,1860860.0,0.0,0.0,0.0,0.0,,0.0,,
EUR EQ LARGE CP,BBVA.ES,Equities,2020-08-31,2020-09-30,-100101.0,953064.0,0.0,0.0,0.0,0.0,,0.0,,
EUR EQ LARGE CP,BAYN.DE,Equities,2020-08-31,2020-09-30,-60000.0,2201200.0,0.0,0.0,0.0,0.0,,0.0,,
EUR EQ LARGE CP,MC.FR,Equities,2020-08-31,2020-09-30,643200.0,1.90224E+7,0.0,0.0,0.0,0.0,,0.0,,
EUR EQ LARGE CP,IBE.ES,Equities,2020-08-31,2020-09-30,-67080.0,5953350.0,0.0,0.0,0.0,0.0,,0.0,,
EUR EQ LARGE CP,UNA.NL,Equities,2020-08-31,2020-09-30,403045.0,7298765.0,0.0,0.0,0.0,0.0,,0.0,,
EUR EQ LARGE CP,NOKIA.FI,Equities,2020-08-31,2020-09-30,-552863.25,2871831.75,0.0,0.0,0.0,0.0,,0.0,,
EUR EQ LARGE CP,SAN.FR,Equities,2020-08-31,2020-09-30,61745.0,4506325.0,0.0,0.0,0.0,0.0,,0.0,,
EUR EQ LARGE CP,ASML.NL,Equities,2020-08-31,2020-09-30,105400.0,2.15356E+7,0.0,0.0,0.0,0.0,,0.0,,
EUR EQ LARGE CP,ALV.DE,Equities,2020-08-31,2020-09-30,-759600.0,6680160.0,0.0,0.0,0.0,0.0,,0.0,,
EUR EQ LARGE CP,ADS.DE,Equities,2020-08-31,2020-09-30,2106000.0,1.81584E+7,0.0,0.0,0.0,0.0,,0.0,,
EUR EQ LARGE CP,CRH.IE,Equities,2020-08-31,2020-09-30,0.0,24794.5,0.0,0.0,0.0,0.0,,0.0,,
EUR EQ LARGE CP,AD.NL,Equities,2020-08-31,2020-09-30,-4900.0,1255870.0,0.0,0.0,0.0,0.0,,0.0,,
EUR EQ LARGE CP,OR.FR,Equities,2020-08-31,2020-09-30,107500.0,6931250.0,0.0,0.0,0.0,0.0,,0.0,,
EUR EQ LARGE CP,INGA.NL,Equities,2020-08-31,2020-09-30,-156376.5,1119916.5,0.0,0.0,0.0,0.0,,0.0,,
EUR EQ LARGE CP,SU.FR,Equities,2020-08-31,2020-09-30,167700.0,4516075.0,0.0,0.0,0.0,0.0,,0.0,,
EUR EQ LARGE CP,DG.FR,Equities,2020-08-31,2020-09-30,-542400.0,4889400.0,0.0,0.0,0.0,0.0,,0.0,,
EUR EQ LARGE CP,BN.FR,Equities,2020-08-31,2020-09-30,-7560.0,2982420.0,0.0,0.0,0.0,0.0,,0.0,,
EUR EQ LARGE CP,ABI.BE,Equities,2020-08-31,2020-09-30,-162562.5,2525137.5,0.0,0.0,0.0,0.0,,0.0,,
EUR EQ LARGE CP,BNP.FR,Equities,2020-08-31,2020-09-30,-374687.5,2079550.0,0.0,0.0,0.0,0.0,,0.0,,
EUR EQ LARGE CP,VIV.FR,Equities,2020-08-31,2020-09-30,-7150.0,1319725.0,0.0,0.0,0.0,0.0,,0.0,,
EUR EQ LARGE CP,EL.FR,Equities,2020-08-31,2020-09-30,0.0,2255200.0,0.0,0.0,0.0,0.0,,0.0,,
EUR EQ LARGE CP,TEF.ES,Equities,2020-08-31,2020-09-30,-141168.0,925480.0,0.0,0.0,0.0,0.0,,0.0,,
EUR EQ LARGE CP,BMW.DE,Equities,2020-08-31,2020-09-30,6645.0,178815.0,0.0,0.0,0.0,0.0,,0.0,,
EUR EQ LARGE CP,ACA.FR,Equities,2020-08-31,2020-09-30,-1064115.0,7127270.0,0.0,0.0,0.0,0.0,,0.0,,
EUR EQ LARGE CP,EUR,Cash,2020-08-31,2020-09-30,0.0,552435.0,,,,,,,,
EUR EQ LARGE CP,PHIA.NL,Equities,2020-08-31,2020-09-30,-86005.0,4235617.5,0.0,0.0,0.0,0.0,,0.0,,
EUR EQ LARGE CP,DB1.DE,Equities,2020-08-31,2020-09-30,-12600.0,315100.0,0.0,0.0,0.0,0.0,,0.0,,
EUR EQ LARGE CP,SAN.ES,Equities,2020-08-31,2020-09-30,-635901.0,3339966.0,0.0,0.0,0.0,0.0,,0.0,,
EUR EQ LARGE CP,GLE.FR,Equities,2020-08-31,2020-09-30,-37488.0,169836.0,0.0,0.0,0.0,0.0,,0.0,,
EUR EQ LARGE CP,ACA.FR,Equities,2020-09-30,2020-10-01,186180.0,6063155.0,0.0,0.0,0.0,0.0,,0.0,,
EUR EQ LARGE CP,ENI.IT,Equities,2020-09-30,2020-10-01,5891.0,1826347.0,0.0,0.0,0.0,0.0,,0.0,,
EUR EQ LARGE CP,DB1.DE,Equities,2020-09-30,2020-10-01,-1600.0,302500.0,0.0,0.0,0.0,0.0,,0.0,,
EUR EQ LARGE CP,CS.FR,Equities,2020-09-30,2020-10-01,2943.0,1717077.0,0.0,0.0,0.0,0.0,,0.0,,
EUR EQ LARGE CP,BNP.FR,Equities,2020-09-30,2020-10-01,-687.5,1704862.5,0.0,0.0,0.0,0.0,,0.0,,
EUR EQ LARGE CP,ENEL.IT,Equities,2020-09-30,2020-10-01,-107548.0,9660644.0,0.0,0.0,0.0,0.0,,0.0,,
EUR EQ LARGE CP,GLE.FR,Equities,2020-09-30,2020-10-01,3480.0,132348.0,0.0,0.0,0.0,0.0,,0.0,,
EUR EQ LARGE CP,IBE.ES,Equities,2020-09-30,2020-10-01,-11180.0,5886270.0,0.0,0.0,0.0,0.0,,0.0,,
EUR EQ LARGE CP,KER.FR,Equities,2020-09-30,2020-10-01,-27000.0,1729950.0,0.0,0.0,0.0,0.0,,0.0,,
EUR EQ LARGE CP,SIE.DE,Equities,2020-09-30,2020-10-01,-26500.0,5761100.0,0.0,0.0,0.0,0.0,,0.0,,
EUR EQ LARGE CP,AIR.FR,Equities,2020-09-30,2020-10-01,-40590.0,5132790.0,0.0,0.0,0.0,0.0,,0.0,,
EUR EQ LARGE CP,BMW.DE,Equities,2020-09-30,2020-10-01,1140.0,185460.0,0.0,0.0,0.0,0.0,,0.0,,
EUR EQ LARGE CP,UNA.NL,Equities,2020-09-30,2020-10-01,-22350.0,7701810.0,0.0,0.0,0.0,0.0,,0.0,,
EUR EQ LARGE CP,DPW.DE,Equities,2020-09-30,2020-10-01,-35890.0,2919300.0,0.0,0.0,0.0,0.0,,0.0,,
EUR EQ LARGE CP,BAYN.DE,Equities,2020-09-30,2020-10-01,-7200.0,2141200.0,0.0,0.0,0.0,0.0,,0.0,,
EUR EQ LARGE CP,ITX.ES,Equities,2020-09-30,2020-10-01,-12740.0,2178540.0,0.0,0.0,0.0,0.0,,0.0,,
EUR EQ LARGE CP,ADS.DE,Equities,2020-09-30,2020-10-01,-273600.0,2.02644E+7,0.0,0.0,0.0,0.0,,0.0,,
EUR EQ LARGE CP,NOKIA.FI,Equities,2020-09-30,2020-10-01,-11163.75,2318968.5,0.0,0.0,0.0,0.0,,0.0,,
EUR EQ LARGE CP,ASML.NL,Equities,2020-09-30,2020-10-01,-173400.0,2.1641E+7,0.0,0.0,0.0,0.0,,0.0,,
EUR EQ LARGE CP,AI.FR,Equities,2020-09-30,2020-10-01,-61875.0,4538325.0,0.0,0.0,0.0,0.0,,0.0,,
EUR EQ LARGE CP,VIV.FR,Equities,2020-09-30,2020-10-01,-1100.0,1312575.0,0.0,0.0,0.0,0.0,,0.0,,
EUR EQ LARGE CP,ABI.BE,Equities,2020-09-30,2020-10-01,-3442.5,2362575.0,0.0,0.0,0.0,0.0,,0.0,,
EUR EQ LARGE CP,BBVA.ES,Equities,2020-09-30,2020-10-01,15555.0,852963.0,0.0,0.0,0.0,0.0,,0.0,,
EUR EQ LARGE CP,AMS.ES,Equities,2020-09-30,2020-10-01,190.0,1815830.0,0.0,0.0,0.0,0.0,,0.0,,
EUR EQ LARGE CP,SAN.ES,Equities,2020-09-30,2020-10-01,13414.2,2704065.0,0.0,0.0,0.0,0.0,,0.0,,
EUR EQ LARGE CP,TEF.ES,Equities,2020-09-30,2020-10-01,21760.0,784312.0,0.0,0.0,0.0,0.0,,0.0,,
EUR EQ LARGE CP,PHIA.NL,Equities,2020-09-30,2020-10-01,6695.0,4149612.5,0.0,0.0,0.0,0.0,,0.0,,
EUR EQ LARGE CP,INGA.NL,Equities,2020-09-30,2020-10-01,-4770.0,963540.0,0.0,0.0,0.0,0.0,,0.0,,
EUR EQ LARGE CP,VOW3.DE,Equities,2020-09-30,2020-10-01,-8300.0,1385200.0,0.0,0.0,0.0,0.0,,0.0,,
EUR EQ LARGE CP,CRH.IE,Equities,2020-09-30,2020-10-01,0.0,24794.5,0.0,0.0,0.0,0.0,,0.0,,
EUR EQ LARGE CP,FRE.DE,Equities,2020-09-30,2020-10-01,840.0,154480.0,0.0,0.0,0.0,0.0,,0.0,,
EUR EQ LARGE CP,SU.FR,Equities,2020-09-30,2020-10-01,-108575.0,4683775.0,0.0,0.0,0.0,0.0,,0.0,,
EUR EQ LARGE CP,MC.FR,Equities,2020-09-30,2020-10-01,-490800.0,1.96656E+7,0.0,0.0,0.0,0.0,,0.0,,
EUR EQ LARGE CP,EUR,Cash,2020-09-30,2020-10-01,0.0,552435.0,,,,,,,,
EUR EQ LARGE CP,ISP.IT,Equities,2020-09-30,2020-10-01,-4244.6,1794907.3,0.0,0.0,0.0,0.0,,0.0,,
EUR EQ LARGE CP,DAI.DE,Equities,2020-09-30,2020-10-01,16680.0,1096740.0,0.0,0.0,0.0,0.0,,0.0,,
EUR EQ LARGE CP,OR.FR,Equities,2020-09-30,2020-10-01,-92500.0,7038750.0,0.0,0.0,0.0,0.0,,0.0,,
EUR EQ LARGE CP,SAN.FR,Equities,2020-09-30,2020-10-01,-44255.0,4568070.0,0.0,0.0,0.0,0.0,,0.0,,
EUR EQ LARGE CP,BN.FR,Equities,2020-09-30,2020-10-01,8100.0,2974860.0,0.0,0.0,0.0,0.0,,0.0,,
EUR EQ LARGE CP,SAF.FR,Equities,2020-09-30,2020-10-01,-14280.0,1788360.0,0.0,0.0,0.0,0.0,,0.0,,
EUR EQ LARGE CP,BAS.DE,Equities,2020-09-30,2020-10-01,-10350.0,2403040.0,0.0,0.0,0.0,0.0,,0.0,,
EUR EQ LARGE CP,MUV2.DE,Equities,2020-09-30,2020-10-01,-3500.0,1527050.0,0.0,0.0,0.0,0.0,,0.0,,
EUR EQ LARGE CP,EL.FR,Equities,2020-09-30,2020-10-01,0.0,2255200.0,0.0,0.0,0.0,0.0,,0.0,,
EUR EQ LARGE CP,DG.FR,Equities,2020-09-30,2020-10-01,-53400.0,4347000.0,0.0,0.0,0.0,0.0,,0.0,,
EUR EQ LARGE CP,ENGI.FR,Equities,2020-09-30,2020-10-01,11340.0,913882.5,0.0,0.0,0.0,0.0,,0.0,,
EUR EQ LARGE CP,ALV.DE,Equities,2020-09-30,2020-10-01,-18360.0,5920560.0,0.0,0.0,0.0,0.0,,0.0,,
EUR EQ LARGE CP,ORA.FR,Equities,2020-09-30,2020-10-01,6622.0,757230.0,0.0,0.0,0.0,0.0,,0.0,,
EUR EQ LARGE CP,SAP.DE,Equities,2020-09-30,2020-10-01,-97110.0,1.563939E+7,0.0,0.0,0.0,0.0,,0.0,,
EUR EQ LARGE CP,AD.NL,Equities,2020-09-30,2020-10-01,-13720.0,1250970.0,0.0,0.0,0.0,0.0,,0.0,,
EUR EQ LARGE CP,DTE.DE,Equities,2020-09-30,2020-10-01,18260.0,2367160.0,0.0,0.0,0.0,0.0,,0.0,,
EUR EQ LARGE CP,AIR.FR,Equities,2020-10-01,2020-10-02,229190.0,5092200.0,0.0,0.0,0.0,0.0,,0.0,,
EUR EQ LARGE CP,ENI.IT,Equities,2020-10-01,2020-10-02,-61513.0,1832238.0,0.0,0.0,0.0,0.0,,0.0,,
EUR EQ LARGE CP,SAP.DE,Equities,2020-10-01,2020-10-02,22230.0,1.554228E+7,0.0,0.0,0.0,0.0,,0.0,,
EUR EQ LARGE CP,SAN.FR,Equities,2020-10-01,2020-10-02,-3445.0,4523815.0,0.0,0.0,0.0,0.0,,0.0,,
EUR EQ LARGE CP,ABI.BE,Equities,2020-10-01,2020-10-02,-35572.5,2359132.5,0.0,0.0,0.0,0.0,,0.0,,
EUR EQ LARGE CP,ITX.ES,Equities,2020-10-01,2020-10-02,45500.0,2165800.0,0.0,0.0,0.0,0.0,,0.0,,
EUR EQ LARGE CP,PHIA.NL,Equities,2020-10-01,2020-10-02,1545.0,4156307.5,0.0,0.0,0.0,0.0,,0.0,,
EUR EQ LARGE CP,MUV2.DE,Equities,2020-10-01,2020-10-02,-19250.0,1523550.0,0.0,0.0,0.0,0.0,,0.0,,
EUR EQ LARGE CP,BN.FR,Equities,2020-10-01,2020-10-02,2160.0,2982960.0,0.0,0.0,0.0,0.0,,0.0,,
EUR EQ LARGE CP,BAYN.DE,Equities,2020-10-01,2020-10-02,-267900.0,2134000.0,0.0,0.0,0.0,0.0,,0.0,,
EUR EQ LARGE CP,ENEL.IT,Equities,2020-10-01,2020-10-02,54740.0,9553096.0,0.0,0.0,0.0,0.0,,0.0,,
EUR EQ LARGE CP,TEF.ES,Equities,2020-10-01,2020-10-02,-17408.0,806072.0,0.0,0.0,0.0,0.0,,0.0,,
EUR EQ LARGE CP,BBVA.ES,Equities,2020-10-01,2020-10-02,2745.0,868518.0,0.0,0.0,0.0,0.0,,0.0,,
EUR EQ LARGE CP,CS.FR,Equities,2020-10-01,2020-10-02,-8284.0,1720020.0,0.0,0.0,0.0,0.0,,0.0,,
EUR EQ LARGE CP,DAI.DE,Equities,2020-10-01,2020-10-02,8280.0,1113420.0,0.0,0.0,0.0,0.0,,0.0,,
EUR EQ LARGE CP,SAN.ES,Equities,2020-10-01,2020-10-02,-34299.6,2717479.2,0.0,0.0,0.0,0.0,,0.0,,
EUR EQ LARGE CP,DTE.DE,Equities,2020-10-01,2020-10-02,15770.0,2385420.0,0.0,0.0,0.0,0.0,,0.0,,
EUR EQ LARGE CP,ASML.NL,Equities,2020-10-01,2020-10-02,476000.0,2.14676E+7,0.0,0.0,0.0,0.0,,0.0,,
EUR EQ LARGE CP,DB1.DE,Equities,2020-10-01,2020-10-02,-5100.0,300900.0,0.0,0.0,0.0,0.0,,0.0,,
EUR EQ LARGE CP,DG.FR,Equities,2020-10-01,2020-10-02,-74400.0,4293600.0,0.0,0.0,0.0,0.0,,0.0,,
EUR EQ LARGE CP,ALV.DE,Equities,2020-10-01,2020-10-02,-90720.0,5902200.0,0.0,0.0,0.0,0.0,,0.0,,
EUR EQ LARGE CP,INGA.NL,Equities,2020-10-01,2020-10-02,-1351.5,958770.0,0.0,0.0,0.0,0.0,,0.0,,
EUR EQ LARGE CP,GLE.FR,Equities,2020-10-01,2020-10-02,-3240.0,135828.0,0.0,0.0,0.0,0.0,,0.0,,
EUR EQ LARGE CP,VIV.FR,Equities,2020-10-01,2020-10-02,-4950.0,1311475.0,0.0,0.0,0.0,0.0,,0.0,,
EUR EQ LARGE CP,DPW.DE,Equities,2020-10-01,2020-10-02,9990.0,2883410.0,0.0,0.0,0.0,0.0,,0.0,,
EUR EQ LARGE CP,NOKIA.FI,Equities,2020-10-01,2020-10-02,-59769.00,2307804.75,0.0,0.0,0.0,0.0,,0.0,,
EUR EQ LARGE CP,UNA.NL,Equities,2020-10-01,2020-10-02,25330.0,7679460.0,0.0,0.0,0.0,0.0,,0.0,,
EUR EQ LARGE CP,BNP.FR,Equities,2020-10-01,2020-10-02,-18287.5,1704175.0,0.0,0.0,0.0,0.0,,0.0,,
EUR EQ LARGE CP,SAF.FR,Equities,2020-10-01,2020-10-02,-6090.0,1774080.0,0.0,0.0,0.0,0.0,,0.0,,
EUR EQ LARGE CP,BMW.DE,Equities,2020-10-01,2020-10-02,1335.0,186600.0,0.0,0.0,0.0,0.0,,0.0,,
EUR EQ LARGE CP,MC.FR,Equities,2020-10-01,2020-10-02,492000.0,1.91748E+7,0.0,0.0,0.0,0.0,,0.0,,
EUR EQ LARGE CP,SIE.DE,Equities,2020-10-01,2020-10-02,-82150.0,5734600.0,0.0,0.0,0.0,0.0,,0.0,,
EUR EQ LARGE CP,CRH.IE,Equities,2020-10-01,2020-10-02,0.0,24794.5,0.0,0.0,0.0,0.0,,0.0,,
EUR EQ LARGE CP,ENGI.FR,Equities,2020-10-01,2020-10-02,607.5,925222.5,0.0,0.0,0.0,0.0,,0.0,,
EUR EQ LARGE CP,AMS.ES,Equities,2020-10-01,2020-10-02,-35720.0,1816020.0,0.0,0.0,0.0,0.0,,0.0,,
EUR EQ LARGE CP,AD.NL,Equities,2020-10-01,2020-10-02,6860.0,1237250.0,0.0,0.0,0.0,0.0,,0.0,,
EUR EQ LARGE CP,BAS.DE,Equities,2020-10-01,2020-10-02,-32660.0,2392690.0,0.0,0.0,0.0,0.0,,0.0,,
EUR EQ LARGE CP,ISP.IT,Equities,2020-10-01,2020-10-02,-18095.4,1790662.7,0.0,0.0,0.0,0.0,,0.0,,
EUR EQ LARGE CP,VOW3.DE,Equities,2020-10-01,2020-10-02,-39300.0,1376900.0,0.0,0.0,0.0,0.0,,0.0,,
EUR EQ LARGE CP,OR.FR,Equities,2020-10-01,2020-10-02,110000.0,6946250.0,0.0,0.0,0.0,0.0,,0.0,,
EUR EQ LARGE CP,SU.FR,Equities,2020-10-01,2020-10-02,-5375.0,4575200.0,0.0,0.0,0.0,0.0,,0.0,,
EUR EQ LARGE CP,EUR,Cash,2020-10-01,2020-10-02,0.0,6801770.0,,,,,,,,
EUR EQ LARGE CP,EL.FR,Equities,2020-10-01,2020-10-02,0.0,2255200.0,0.0,0.0,0.0,0.0,,0.0,,
EUR EQ LARGE CP,ADS.DE,Equities,2020-10-01,2020-10-02,46800.0,1.99908E+7,0.0,0.0,0.0,0.0,,0.0,,
EUR EQ LARGE CP,KER.FR,Equities,2020-10-01,2020-10-02,44700.0,1702950.0,0.0,0.0,0.0,0.0,,0.0,,
EUR EQ LARGE CP,FRE.DE,Equities,2020-10-01,2020-10-02,-720.0,155320.0,0.0,0.0,0.0,0.0,,0.0,,
EUR EQ LARGE CP,IBE.ES,Equities,2020-10-01,2020-10-02,103415.0,5875090.0,0.0,0.0,0.0,0.0,,0.0,,
EUR EQ LARGE CP,AI.FR,Equities,2020-10-01,2020-10-02,-18975.0,4476450.0,0.0,0.0,0.0,0.0,,0.0,,
EUR EQ LARGE CP,ORA.FR,Equities,2020-10-01,2020-10-02,-17114.0,763852.0,0.0,0.0,0.0,0.0,,0.0,,
EUR EQ LARGE CP,ENI.IT,Equities,2020-10-02,2020-10-05,9042.0,1770725.0,0.0,0.0,0.0,0.0,,0.0,,
EUR EQ LARGE CP,CS.FR,Equities,2020-10-02,2020-10-05,-4796.0,1711736.0,0.0,0.0,0.0,0.0,,0.0,,
EUR EQ LARGE CP,DAI.DE,Equities,2020-10-02,2020-10-05,960.0,1121700.0,0.0,0.0,0.0,0.0,,0.0,,
EUR EQ LARGE CP,ASML.NL,Equities,2020-10-02,2020-10-05,-326400.0,2.19436E+7,0.0,0.0,0.0,0.0,,0.0,,
EUR EQ LARGE CP,ORA.FR,Equities,2020-10-02,2020-10-05,13158.0,746738.0,0.0,0.0,0.0,0.0,,0.0,,
EUR EQ LARGE CP,IBE.ES,Equities,2020-10-02,2020-10-05,11180.0,5978505.0,0.0,0.0,0.0,0.0,,0.0,,
EUR EQ LARGE CP,BN.FR,Equities,2020-10-02,2020-10-05,-12420.0,2985120.0,0.0,0.0,0.0,0.0,,0.0,,
EUR EQ LARGE CP,ENGI.FR,Equities,2020-10-02,2020-10-05,2632.5,925830.0,0.0,0.0,0.0,0.0,,0.0,,
EUR EQ LARGE CP,BMW.DE,Equities,2020-10-02,2020-10-05,-585.0,187935.0,0.0,0.0,0.0,0.0,,0.0,,
EUR EQ LARGE CP,MC.FR,Equities,2020-10-02,2020-10-05,-98400.0,1.96668E+7,0.0,0.0,0.0,0.0,,0.0,,
EUR EQ LARGE CP,SU.FR,Equities,2020-10-02,2020-10-05,17200.0,4569825.0,0.0,0.0,0.0,0.0,,0.0,,
EUR EQ LARGE CP,VIV.FR,Equities,2020-10-02,2020-10-05,12375.0,1306525.0,0.0,0.0,0.0,0.0,,0.0,,
EUR EQ LARGE CP,INGA.NL,Equities,2020-10-02,2020-10-05,24963.0,957418.5,0.0,0.0,0.0,0.0,,0.0,,
EUR EQ LARGE CP,DG.FR,Equities,2020-10-02,2020-10-05,177600.0,4219200.0,0.0,0.0,0.0,0.0,,0.0,,
EUR EQ LARGE CP,KER.FR,Equities,2020-10-02,2020-10-05,-14100.0,1747650.0,0.0,0.0,0.0,0.0,,0.0,,
EUR EQ LARGE CP,FRE.DE,Equities,2020-10-02,2020-10-05,-2740.0,154600.0,0.0,0.0,0.0,0.0,,0.0,,
EUR EQ LARGE CP,DTE.DE,Equities,2020-10-02,2020-10-05,7055.0,2401190.0,0.0,0.0,0.0,0.0,,0.0,,
EUR EQ LARGE CP,BBVA.ES,Equities,2020-10-02,2020-10-05,-3477.0,871263.0,0.0,0.0,0.0,0.0,,0.0,,
EUR EQ LARGE CP,SAN.ES,Equities,2020-10-02,2020-10-05,-11206.8,2683179.6,0.0,0.0,0.0,0.0,,0.0,,
EUR EQ LARGE CP,SAP.DE,Equities,2020-10-02,2020-10-05,-45630.0,1.556451E+7,0.0,0.0,0.0,0.0,,0.0,,
EUR EQ LARGE CP,OR.FR,Equities,2020-10-02,2020-10-05,-28750.0,7056250.0,0.0,0.0,0.0,0.0,,0.0,,
EUR EQ LARGE CP,ADS.DE,Equities,2020-10-02,2020-10-05,-151200.0,2.00376E+7,0.0,0.0,0.0,0.0,,0.0,,
EUR EQ LARGE CP,SAN.FR,Equities,2020-10-02,2020-10-05,42135.0,4520370.0,0.0,0.0,0.0,0.0,,0.0,,
EUR EQ LARGE CP,DPW.DE,Equities,2020-10-02,2020-10-05,8510.0,2893400.0,0.0,0.0,0.0,0.0,,0.0,,
EUR EQ LARGE CP,AIR.FR,Equities,2020-10-02,2020-10-05,-22140.0,5321390.0,0.0,0.0,0.0,0.0,,0.0,,
EUR EQ LARGE CP,AMS.ES,Equities,2020-10-02,2020-10-05,-28500.0,1780300.0,0.0,0.0,0.0,0.0,,0.0,,
EUR EQ LARGE CP,ITX.ES,Equities,2020-10-02,2020-10-05,-18200.0,2211300.0,0.0,0.0,0.0,0.0,,0.0,,
EUR EQ LARGE CP,UNA.NL,Equities,2020-10-02,2020-10-05,101320.0,7704790.0,0.0,0.0,0.0,0.0,,0.0,,
EUR EQ LARGE CP,BAS.DE,Equities,2020-10-02,2020-10-05,30360.0,2360030.0,0.0,0.0,0.0,0.0,,0.0,,
EUR EQ LARGE CP,BAYN.DE,Equities,2020-10-02,2020-10-05,-73500.0,1866100.0,0.0,0.0,0.0,0.0,,0.0,,
EUR EQ LARGE CP,MUV2.DE,Equities,2020-10-02,2020-10-05,7700.0,1504300.0,0.0,0.0,0.0,0.0,,0.0,,
EUR EQ LARGE CP,SIE.DE,Equities,2020-10-02,2020-10-05,-37100.0,5652450.0,0.0,0.0,0.0,0.0,,0.0,,
EUR EQ LARGE CP,BNP.FR,Equities,2020-10-02,2020-10-05,-8662.5,1685887.5,0.0,0.0,0.0,0.0,,0.0,,
EUR EQ LARGE CP,DB1.DE,Equities,2020-10-02,2020-10-05,700.0,295800.0,0.0,0.0,0.0,0.0,,0.0,,
EUR EQ LARGE CP,CRH.IE,Equities,2020-10-02,2020-10-05,0.0,24794.5,0.0,0.0,0.0,0.0,,0.0,,
EUR EQ LARGE CP,NOKIA.FI,Equities,2020-10-02,2020-10-05,-12366.00,2248035.75,0.0,0.0,0.0,0.0,,0.0,,
EUR EQ LARGE CP,ISP.IT,Equities,2020-10-02,2020-10-05,5696.7,1772567.3,0.0,0.0,0.0,0.0,,0.0,,
EUR EQ LARGE CP,ALV.DE,Equities,2020-10-02,2020-10-05,38160.0,5811480.0,0.0,0.0,0.0,0.0,,0.0,,
EUR EQ LARGE CP,ABI.BE,Equities,2020-10-02,2020-10-05,30090.0,2323560.0,0.0,0.0,0.0,0.0,,0.0,,
EUR EQ LARGE CP,PHIA.NL,Equities,2020-10-02,2020-10-05,-10042.5,4157852.5,0.0,0.0,0.0,0.0,,0.0,,
EUR EQ LARGE CP,AD.NL,Equities,2020-10-02,2020-10-05,-9800.0,1244110.0,0.0,0.0,0.0,0.0,,0.0,,
EUR EQ LARGE CP,ENEL.IT,Equities,2020-10-02,2020-10-05,11592.0,9607836.0,0.0,0.0,0.0,0.0,,0.0,,
EUR EQ LARGE CP,VOW3.DE,Equities,2020-10-02,2020-10-05,-18800.0,1337600.0,0.0,0.0,0.0,0.0,,0.0,,
EUR EQ LARGE CP,SAF.FR,Equities,2020-10-02,2020-10-05,3990.0,1767990.0,0.0,0.0,0.0,0.0,,0.0,,
EUR EQ LARGE CP,AI.FR,Equities,2020-10-02,2020-10-05,1650.0,4457475.0,0.0,0.0,0.0,0.0,,0.0,,
EUR EQ LARGE CP,EUR,Cash,2020-10-02,2020-10-05,0.0,6801770.0,,,,,,,,
EUR EQ LARGE CP,TEF.ES,Equities,2020-10-02,2020-10-05,816.0,788664.0,0.0,0.0,0.0,0.0,,0.0,,
EUR EQ LARGE CP,GLE.FR,Equities,2020-10-02,2020-10-05,-108.0,132588.0,0.0,0.0,0.0,0.0,,0.0,,
EUR EQ LARGE CP,EL.FR,Equities,2020-10-02,2020-10-05,0.0,2255200.0,0.0,0.0,0.0,0.0,,0.0,,
EUR EQ LARGE CP,ABI.BE,Equities,2020-10-05,2020-10-06,27412.5,2353650.0,0.0,0.0,0.0,0.0,,0.0,,
EUR EQ LARGE CP,BBVA.ES,Equities,2020-10-05,2020-10-06,13725.0,867786.0,0.0,0.0,0.0,0.0,,0.0,,
EUR EQ LARGE CP,BAS.DE,Equities,2020-10-05,2020-10-06,62100.0,2390390.0,0.0,0.0,0.0,0.0,,0.0,,
EUR EQ LARGE CP,NOKIA.FI,Equities,2020-10-05,2020-10-06,41907.00,2235669.75,0.0,0.0,0.0,0.0,,0.0,,
EUR EQ LARGE CP,ENEL.IT,Equities,2020-10-05,2020-10-06,-96600.0,9619428.0,0.0,0.0,0.0,0.0,,0.0,,
EUR EQ LARGE CP,ITX.ES,Equities,2020-10-05,2020-10-06,19110.0,2193100.0,0.0,0.0,0.0,0.0,,0.0,,
EUR EQ LARGE CP,AMS.ES,Equities,2020-10-05,2020-10-06,31350.0,1751800.0,0.0,0.0,0.0,0.0,,0.0,,
EUR EQ LARGE CP,INGA.NL,Equities,2020-10-05,2020-10-06,13753.5,982381.5,0.0,0.0,0.0,0.0,,0.0,,
EUR EQ LARGE CP,DG.FR,Equities,2020-10-05,2020-10-06,58200.0,4396800.0,0.0,0.0,0.0,0.0,,0.0,,
EUR EQ LARGE CP,AD.NL,Equities,2020-10-05,2020-10-06,4900.0,1234310.0,0.0,0.0,0.0,0.0,,0.0,,
EUR EQ LARGE CP,TEF.ES,Equities,2020-10-05,2020-10-06,66096.0,789480.0,0.0,0.0,0.0,0.0,,0.0,,
EUR EQ LARGE CP,ASML.NL,Equities,2020-10-05,2020-10-06,329800.0,2.16172E+7,0.0,0.0,0.0,0.0,,0.0,,
EUR EQ LARGE CP,IBE.ES,Equities,2020-10-05,2020-10-06,-8385.0,5989685.0,0.0,0.0,0.0,0.0,,0.0,,
EUR EQ LARGE CP,BAYN.DE,Equities,2020-10-05,2020-10-06,80300.0,1792600.0,0.0,0.0,0.0,0.0,,0.0,,
EUR EQ LARGE CP,MC.FR,Equities,2020-10-05,2020-10-06,240000.0,1.95684E+7,0.0,0.0,0.0,0.0,,0.0,,
EUR EQ LARGE CP,CS.FR,Equities,2020-10-05,2020-10-06,28885.0,1706940.0,0.0,0.0,0.0,0.0,,0.0,,
EUR EQ LARGE CP,ENGI.FR,Equities,2020-10-05,2020-10-06,3645.0,928462.5,0.0,0.0,0.0,0.0,,0.0,,
EUR EQ LARGE CP,PHIA.NL,Equities,2020-10-05,2020-10-06,49955.0,4147810.0,0.0,0.0,0.0,0.0,,0.0,,
EUR EQ LARGE CP,OR.FR,Equities,2020-10-05,2020-10-06,-28750.0,7027500.0,0.0,0.0,0.0,0.0,,0.0,,
EUR EQ LARGE CP,KER.FR,Equities,2020-10-05,2020-10-06,15300.0,1733550.0,0.0,0.0,0.0,0.0,,0.0,,
EUR EQ LARGE CP,DPW.DE,Equities,2020-10-05,2020-10-06,25900.0,2901910.0,0.0,0.0,0.0,0.0,,0.0,,
EUR EQ LARGE CP,ISP.IT,Equities,2020-10-05,2020-10-06,46132.1,1778264.0,0.0,0.0,0.0,0.0,,0.0,,
EUR EQ LARGE CP,ADS.DE,Equities,2020-10-05,2020-10-06,-208800.0,1.98864E+7,0.0,0.0,0.0,0.0,,0.0,,
EUR EQ LARGE CP,DB1.DE,Equities,2020-10-05,2020-10-06,1400.0,296500.0,0.0,0.0,0.0,0.0,,0.0,,
EUR EQ LARGE CP,VOW3.DE,Equities,2020-10-05,2020-10-06,31500.0,1318800.0,0.0,0.0,0.0,0.0,,0.0,,
EUR EQ LARGE CP,GLE.FR,Equities,2020-10-05,2020-10-06,4188.0,132480.0,0.0,0.0,0.0,0.0,,0.0,,
EUR EQ LARGE CP,VIV.FR,Equities,2020-10-05,2020-10-06,20625.0,1318900.0,0.0,0.0,0.0,0.0,,0.0,,
EUR EQ LARGE CP,AIR.FR,Equities,2020-10-05,2020-10-06,95940.0,5299250.0,0.0,0.0,0.0,0.0,,0.0,,
EUR EQ LARGE CP,ORA.FR,Equities,2020-10-05,2020-10-06,28122.0,759896.0,0.0,0.0,0.0,0.0,,0.0,,
EUR EQ LARGE CP,SU.FR,Equities,2020-10-05,2020-10-06,36550.0,4587025.0,0.0,0.0,0.0,0.0,,0.0,,
EUR EQ LARGE CP,UNA.NL,Equities,2020-10-05,2020-10-06,-5960.0,7806110.0,0.0,0.0,0.0,0.0,,0.0,,
EUR EQ LARGE CP,SAN.ES,Equities,2020-10-05,2020-10-06,79975.8,2671972.8,0.0,0.0,0.0,0.0,,0.0,,
EUR EQ LARGE CP,CRH.IE,Equities,2020-10-05,2020-10-06,0.0,24794.5,0.0,0.0,0.0,0.0,,0.0,,
EUR EQ LARGE CP,BN.FR,Equities,2020-10-05,2020-10-06,11880.0,2972700.0,0.0,0.0,0.0,0.0,,0.0,,
EUR EQ LARGE CP,FRE.DE,Equities,2020-10-05,2020-10-06,3300.0,151860.0,0.0,0.0,0.0,0.0,,0.0,,
EUR EQ LARGE CP,BMW.DE,Equities,2020-10-05,2020-10-06,4665.0,187350.0,0.0,0.0,0.0,0.0,,0.0,,
EUR EQ LARGE CP,ALV.DE,Equities,2020-10-05,2020-10-06,148680.0,5849640.0,0.0,0.0,0.0,0.0,,0.0,,
EUR EQ LARGE CP,BNP.FR,Equities,2020-10-05,2020-10-06,52525.0,1677225.0,0.0,0.0,0.0,0.0,,0.0,,
EUR EQ LARGE CP,DAI.DE,Equities,2020-10-05,2020-10-06,28560.0,1122660.0,0.0,0.0,0.0,0.0,,0.0,,
EUR EQ LARGE CP,AI.FR,Equities,2020-10-05,2020-10-06,-54450.0,4459125.0,0.0,0.0,0.0,0.0,,0.0,,
EUR EQ LARGE CP,SAP.DE,Equities,2020-10-05,2020-10-06,-43290.0,1.551888E+7,0.0,0.0,0.0,0.0,,0.0,,
EUR EQ LARGE CP,SIE.DE,Equities,2020-10-05,2020-10-06,84270.0,5615350.0,0.0,0.0,0.0,0.0,,0.0,,
EUR EQ LARGE CP,EUR,Cash,2020-10-05,2020-10-06,0.0,6801770.0,,,,,,,,
EUR EQ LARGE CP,EL.FR,Equities,2020-10-05,2020-10-06,0.0,2255200.0,0.0,0.0,0.0,0.0,,0.0,,
EUR EQ LARGE CP,DTE.DE,Equities,2020-10-05,2020-10-06,37765.0,2408245.0,0.0,0.0,0.0,0.0,,0.0,,
EUR EQ LARGE CP,ENI.IT,Equities,2020-10-05,2020-10-06,52882.0,1779767.0,0.0,0.0,0.0,0.0,,0.0,,
EUR EQ LARGE CP,MUV2.DE,Equities,2020-10-05,2020-10-06,39900.0,1512000.0,0.0,0.0,0.0,0.0,,0.0,,
EUR EQ LARGE CP,SAN.FR,Equities,2020-10-05,2020-10-06,22525.0,4562505.0,0.0,0.0,0.0,0.0,,0.0,,
EUR EQ LARGE CP,SAF.FR,Equities,2020-10-05,2020-10-06,9240.0,1771980.0,0.0,0.0,0.0,0.0,,0.0,,
